date_day,date_key,year,quarter,month,month_name,day,day_of_week_num,day_of_week_name,week_of_year,is_weekend,gold_run_id,gold_processed_timestamp
2024-01-01,20240101,2024,1,1,January,1,2,Mon,1,0,bd3476ef-ff8a-437c-882c-4e40747aaee7,2026-03-02 06:28:18.146111
2024-01-02,20240102,2024,1,1,January,2,3,Tue,1,0,bd3476ef-ff8a-437c-882c-4e40747aaee7,2026-03-02 06:28:18.146111
2024-01-03,20240103,2024,1,1,January,3,4,Wed,1,0,bd3476ef-ff8a-437c-882c-4e40747aaee7,2026-03-02 06:28:18.146111
2024-01-04,20240104,2024,1,1,January,4,5,Thu,1,0,bd3476ef-ff8a-437c-882c-4e40747aaee7,2026-03-02 06:28:18.146111
2024-01-05,20240105,2024,1,1,January,5,6,Fri,1,0,bd3476ef-ff8a-437c-882c-4e40747aaee7,2026-03-02 06:28:18.146111
2024-01-06,20240106,2024,1,1,January,6,7,Sat,1,1,bd3476ef-ff8a-437c-882c-4e40747aaee7,2026-03-02 06:28:18.146111
2024-01-07,20240107,2024,1,1,January,7,1,Sun,1,1,bd3476ef-ff8a-437c-882c-4e40747aaee7,2026-03-02 06:28:18.146111
2024-01-08,20240108,2024,1,1,January,8,2,Mon,2,0,bd3476ef-ff8a-437c-882c-4e40747aaee7,2026-03-02 06:28:18.146111
2024-01-09,20240109,2024,1,1,January,9,3,Tue,2,0,bd3476ef-ff8a-437c-882c-4e40747aaee7,2026-03-02 06:28:18.146111
2024-01-10,20240110,2024,1,1,January,10,4,Wed,2,0,bd3476ef-ff8a-437c-882c-4e40747aaee7,2026-03-02 06:28:18.146111
2024-01-11,20240111,2024,1,1,January,11,5,Thu,2,0,bd3476ef-ff8a-437c-882c-4e40747aaee7,2026-03-02 06:28:18.146111
2024-01-12,20240112,2024,1,1,January,12,6,Fri,2,0,bd3476ef-ff8a-437c-882c-4e40747aaee7,2026-03-02 06:28:18.146111
2024-01-13,20240113,2024,1,1,January,13,7,Sat,2,1,bd3476ef-ff8a-437c-882c-4e40747aaee7,2026-03-02 06:28:18.146111
2024-01-14,20240114,2024,1,1,January,14,1,Sun,2,1,bd3476ef-ff8a-437c-882c-4e40747aaee7,2026-03-02 06:28:18.146111
2024-01-15,20240115,2024,1,1,January,15,2,Mon,3,0,bd3476ef-ff8a-437c-882c-4e40747aaee7,2026-03-02 06:28:18.146111
2024-01-16,20240116,2024,1,1,January,16,3,Tue,3,0,bd3476ef-ff8a-437c-882c-4e40747aaee7,2026-03-02 06:28:18.146111
2024-01-17,20240117,2024,1,1,January,17,4,Wed,3,0,bd3476ef-ff8a-437c-882c-4e40747aaee7,2026-03-02 06:28:18.146111
2024-01-18,20240118,2024,1,1,January,18,5,Thu,3,0,bd3476ef-ff8a-437c-882c-4e40747aaee7,2026-03-02 06:28:18.146111
2024-01-19,20240119,2024,1,1,January,19,6,Fri,3,0,bd3476ef-ff8a-437c-882c-4e40747aaee7,2026-03-02 06:28:18.146111
2024-01-20,20240120,2024,1,1,January,20,7,Sat,3,1,bd3476ef-ff8a-437c-882c-4e40747aaee7,2026-03-02 06:28:18.146111
2024-01-21,20240121,2024,1,1,January,21,1,Sun,3,1,bd3476ef-ff8a-437c-882c-4e40747aaee7,2026-03-02 06:28:18.146111
2024-01-22,20240122,2024,1,1,January,22,2,Mon,4,0,bd3476ef-ff8a-437c-882c-4e40747aaee7,2026-03-02 06:28:18.146111
2024-01-23,20240123,2024,1,1,January,23,3,Tue,4,0,bd3476ef-ff8a-437c-882c-4e40747aaee7,2026-03-02 06:28:18.146111
2024-01-24,20240124,2024,1,1,January,24,4,Wed,4,0,bd3476ef-ff8a-437c-882c-4e40747aaee7,2026-03-02 06:28:18.146111
2024-01-25,20240125,2024,1,1,January,25,5,Thu,4,0,bd3476ef-ff8a-437c-882c-4e40747aaee7,2026-03-02 06:28:18.146111
2024-01-26,20240126,2024,1,1,January,26,6,Fri,4,0,bd3476ef-ff8a-437c-882c-4e40747aaee7,2026-03-02 06:28:18.146111
2024-01-27,20240127,2024,1,1,January,27,7,Sat,4,1,bd3476ef-ff8a-437c-882c-4e40747aaee7,2026-03-02 06:28:18.146111
2024-01-28,20240128,2024,1,1,January,28,1,Sun,4,1,bd3476ef-ff8a-437c-882c-4e40747aaee7,2026-03-02 06:28:18.146111
2024-01-29,20240129,2024,1,1,January,29,2,Mon,5,0,bd3476ef-ff8a-437c-882c-4e40747aaee7,2026-03-02 06:28:18.146111
2024-01-30,20240130,2024,1,1,January,30,3,Tue,5,0,bd3476ef-ff8a-437c-882c-4e40747aaee7,2026-03-02 06:28:18.146111
2024-01-31,20240131,2024,1,1,January,31,4,Wed,5,0,bd3476ef-ff8a-437c-882c-4e40747aaee7,2026-03-02 06:28:18.146111
2024-02-01,20240201,2024,1,2,February,1,5,Thu,5,0,bd3476ef-ff8a-437c-882c-4e40747aaee7,2026-03-02 06:28:18.146111
2024-02-02,20240202,2024,1,2,February,2,6,Fri,5,0,bd3476ef-ff8a-437c-882c-4e40747aaee7,2026-03-02 06:28:18.146111
2024-02-03,20240203,2024,1,2,February,3,7,Sat,5,1,bd3476ef-ff8a-437c-882c-4e40747aaee7,2026-03-02 06:28:18.146111
2024-02-04,20240204,2024,1,2,February,4,1,Sun,5,1,bd3476ef-ff8a-437c-882c-4e40747aaee7,2026-03-02 06:28:18.146111
2024-02-05,20240205,2024,1,2,February,5,2,Mon,6,0,bd3476ef-ff8a-437c-882c-4e40747aaee7,2026-03-02 06:28:18.146111
2024-02-06,20240206,2024,1,2,February,6,3,Tue,6,0,bd3476ef-ff8a-437c-882c-4e40747aaee7,2026-03-02 06:28:18.146111
2024-02-07,20240207,2024,1,2,February,7,4,Wed,6,0,bd3476ef-ff8a-437c-882c-4e40747aaee7,2026-03-02 06:28:18.146111
2024-02-08,20240208,2024,1,2,February,8,5,Thu,6,0,bd3476ef-ff8a-437c-882c-4e40747aaee7,2026-03-02 06:28:18.146111
2024-02-09,20240209,2024,1,2,February,9,6,Fri,6,0,bd3476ef-ff8a-437c-882c-4e40747aaee7,2026-03-02 06:28:18.146111
2024-02-10,20240210,2024,1,2,February,10,7,Sat,6,1,bd3476ef-ff8a-437c-882c-4e40747aaee7,2026-03-02 06:28:18.146111
2024-02-11,20240211,2024,1,2,February,11,1,Sun,6,1,bd3476ef-ff8a-437c-882c-4e40747aaee7,2026-03-02 06:28:18.146111
2024-02-12,20240212,2024,1,2,February,12,2,Mon,7,0,bd3476ef-ff8a-437c-882c-4e40747aaee7,2026-03-02 06:28:18.146111
2024-02-13,20240213,2024,1,2,February,13,3,Tue,7,0,bd3476ef-ff8a-437c-882c-4e40747aaee7,2026-03-02 06:28:18.146111
2024-02-14,20240214,2024,1,2,February,14,4,Wed,7,0,bd3476ef-ff8a-437c-882c-4e40747aaee7,2026-03-02 06:28:18.146111
2024-02-15,20240215,2024,1,2,February,15,5,Thu,7,0,bd3476ef-ff8a-437c-882c-4e40747aaee7,2026-03-02 06:28:18.146111
2024-02-16,20240216,2024,1,2,February,16,6,Fri,7,0,bd3476ef-ff8a-437c-882c-4e40747aaee7,2026-03-02 06:28:18.146111
2024-02-17,20240217,2024,1,2,February,17,7,Sat,7,1,bd3476ef-ff8a-437c-882c-4e40747aaee7,2026-03-02 06:28:18.146111
2024-02-18,20240218,2024,1,2,February,18,1,Sun,7,1,bd3476ef-ff8a-437c-882c-4e40747aaee7,2026-03-02 06:28:18.146111
2024-02-19,20240219,2024,1,2,February,19,2,Mon,8,0,bd3476ef-ff8a-437c-882c-4e40747aaee7,2026-03-02 06:28:18.146111
2024-02-20,20240220,2024,1,2,February,20,3,Tue,8,0,bd3476ef-ff8a-437c-882c-4e40747aaee7,2026-03-02 06:28:18.146111
2024-02-21,20240221,2024,1,2,February,21,4,Wed,8,0,bd3476ef-ff8a-437c-882c-4e40747aaee7,2026-03-02 06:28:18.146111
2024-02-22,20240222,2024,1,2,February,22,5,Thu,8,0,bd3476ef-ff8a-437c-882c-4e40747aaee7,2026-03-02 06:28:18.146111
2024-02-23,20240223,2024,1,2,February,23,6,Fri,8,0,bd3476ef-ff8a-437c-882c-4e40747aaee7,2026-03-02 06:28:18.146111
2024-02-24,20240224,2024,1,2,February,24,7,Sat,8,1,bd3476ef-ff8a-437c-882c-4e40747aaee7,2026-03-02 06:28:18.146111
2024-02-25,20240225,2024,1,2,February,25,1,Sun,8,1,bd3476ef-ff8a-437c-882c-4e40747aaee7,2026-03-02 06:28:18.146111
2024-02-26,20240226,2024,1,2,February,26,2,Mon,9,0,bd3476ef-ff8a-437c-882c-4e40747aaee7,2026-03-02 06:28:18.146111
2024-02-27,20240227,2024,1,2,February,27,3,Tue,9,0,bd3476ef-ff8a-437c-882c-4e40747aaee7,2026-03-02 06:28:18.146111
2024-02-28,20240228,2024,1,2,February,28,4,Wed,9,0,bd3476ef-ff8a-437c-882c-4e40747aaee7,2026-03-02 06:28:18.146111
2024-02-29,20240229,2024,1,2,February,29,5,Thu,9,0,bd3476ef-ff8a-437c-882c-4e40747aaee7,2026-03-02 06:28:18.146111
2024-03-01,20240301,2024,1,3,March,1,6,Fri,9,0,bd3476ef-ff8a-437c-882c-4e40747aaee7,2026-03-02 06:28:18.146111
2024-03-02,20240302,2024,1,3,March,2,7,Sat,9,1,bd3476ef-ff8a-437c-882c-4e40747aaee7,2026-03-02 06:28:18.146111
2024-03-03,20240303,2024,1,3,March,3,1,Sun,9,1,bd3476ef-ff8a-437c-882c-4e40747aaee7,2026-03-02 06:28:18.146111
2024-03-04,20240304,2024,1,3,March,4,2,Mon,10,0,bd3476ef-ff8a-437c-882c-4e40747aaee7,2026-03-02 06:28:18.146111
2024-03-05,20240305,2024,1,3,March,5,3,Tue,10,0,bd3476ef-ff8a-437c-882c-4e40747aaee7,2026-03-02 06:28:18.146111
2024-03-06,20240306,2024,1,3,March,6,4,Wed,10,0,bd3476ef-ff8a-437c-882c-4e40747aaee7,2026-03-02 06:28:18.146111
2024-03-07,20240307,2024,1,3,March,7,5,Thu,10,0,bd3476ef-ff8a-437c-882c-4e40747aaee7,2026-03-02 06:28:18.146111
2024-03-08,20240308,2024,1,3,March,8,6,Fri,10,0,bd3476ef-ff8a-437c-882c-4e40747aaee7,2026-03-02 06:28:18.146111
2024-03-09,20240309,2024,1,3,March,9,7,Sat,10,1,bd3476ef-ff8a-437c-882c-4e40747aaee7,2026-03-02 06:28:18.146111
2024-03-10,20240310,2024,1,3,March,10,1,Sun,10,1,bd3476ef-ff8a-437c-882c-4e40747aaee7,2026-03-02 06:28:18.146111
2024-03-11,20240311,2024,1,3,March,11,2,Mon,11,0,bd3476ef-ff8a-437c-882c-4e40747aaee7,2026-03-02 06:28:18.146111
2024-03-12,20240312,2024,1,3,March,12,3,Tue,11,0,bd3476ef-ff8a-437c-882c-4e40747aaee7,2026-03-02 06:28:18.146111
2024-03-13,20240313,2024,1,3,March,13,4,Wed,11,0,bd3476ef-ff8a-437c-882c-4e40747aaee7,2026-03-02 06:28:18.146111
2024-03-14,20240314,2024,1,3,March,14,5,Thu,11,0,bd3476ef-ff8a-437c-882c-4e40747aaee7,2026-03-02 06:28:18.146111
2024-03-15,20240315,2024,1,3,March,15,6,Fri,11,0,bd3476ef-ff8a-437c-882c-4e40747aaee7,2026-03-02 06:28:18.146111
2024-03-16,20240316,2024,1,3,March,16,7,Sat,11,1,bd3476ef-ff8a-437c-882c-4e40747aaee7,2026-03-02 06:28:18.146111
2024-03-17,20240317,2024,1,3,March,17,1,Sun,11,1,bd3476ef-ff8a-437c-882c-4e40747aaee7,2026-03-02 06:28:18.146111
2024-03-18,20240318,2024,1,3,March,18,2,Mon,12,0,bd3476ef-ff8a-437c-882c-4e40747aaee7,2026-03-02 06:28:18.146111
2024-03-19,20240319,2024,1,3,March,19,3,Tue,12,0,bd3476ef-ff8a-437c-882c-4e40747aaee7,2026-03-02 06:28:18.146111
2024-03-20,20240320,2024,1,3,March,20,4,Wed,12,0,bd3476ef-ff8a-437c-882c-4e40747aaee7,2026-03-02 06:28:18.146111
2024-03-21,20240321,2024,1,3,March,21,5,Thu,12,0,bd3476ef-ff8a-437c-882c-4e40747aaee7,2026-03-02 06:28:18.146111
2024-03-22,20240322,2024,1,3,March,22,6,Fri,12,0,bd3476ef-ff8a-437c-882c-4e40747aaee7,2026-03-02 06:28:18.146111
2024-03-23,20240323,2024,1,3,March,23,7,Sat,12,1,bd3476ef-ff8a-437c-882c-4e40747aaee7,2026-03-02 06:28:18.146111
2024-03-24,20240324,2024,1,3,March,24,1,Sun,12,1,bd3476ef-ff8a-437c-882c-4e40747aaee7,2026-03-02 06:28:18.146111
2024-03-25,20240325,2024,1,3,March,25,2,Mon,13,0,bd3476ef-ff8a-437c-882c-4e40747aaee7,2026-03-02 06:28:18.146111
2024-03-26,20240326,2024,1,3,March,26,3,Tue,13,0,bd3476ef-ff8a-437c-882c-4e40747aaee7,2026-03-02 06:28:18.146111
2024-03-27,20240327,2024,1,3,March,27,4,Wed,13,0,bd3476ef-ff8a-437c-882c-4e40747aaee7,2026-03-02 06:28:18.146111
2024-03-28,20240328,2024,1,3,March,28,5,Thu,13,0,bd3476ef-ff8a-437c-882c-4e40747aaee7,2026-03-02 06:28:18.146111
2024-03-29,20240329,2024,1,3,March,29,6,Fri,13,0,bd3476ef-ff8a-437c-882c-4e40747aaee7,2026-03-02 06:28:18.146111
2024-03-30,20240330,2024,1,3,March,30,7,Sat,13,1,bd3476ef-ff8a-437c-882c-4e40747aaee7,2026-03-02 06:28:18.146111
2024-03-31,20240331,2024,1,3,March,31,1,Sun,13,1,bd3476ef-ff8a-437c-882c-4e40747aaee7,2026-03-02 06:28:18.146111
2024-04-01,20240401,2024,2,4,April,1,2,Mon,14,0,bd3476ef-ff8a-437c-882c-4e40747aaee7,2026-03-02 06:28:18.146111
2024-04-02,20240402,2024,2,4,April,2,3,Tue,14,0,bd3476ef-ff8a-437c-882c-4e40747aaee7,2026-03-02 06:28:18.146111
2024-04-03,20240403,2024,2,4,April,3,4,Wed,14,0,bd3476ef-ff8a-437c-882c-4e40747aaee7,2026-03-02 06:28:18.146111
2024-04-04,20240404,2024,2,4,April,4,5,Thu,14,0,bd3476ef-ff8a-437c-882c-4e40747aaee7,2026-03-02 06:28:18.146111
2024-04-05,20240405,2024,2,4,April,5,6,Fri,14,0,bd3476ef-ff8a-437c-882c-4e40747aaee7,2026-03-02 06:28:18.146111
2024-04-06,20240406,2024,2,4,April,6,7,Sat,14,1,bd3476ef-ff8a-437c-882c-4e40747aaee7,2026-03-02 06:28:18.146111
2024-04-07,20240407,2024,2,4,April,7,1,Sun,14,1,bd3476ef-ff8a-437c-882c-4e40747aaee7,2026-03-02 06:28:18.146111
2024-04-08,20240408,2024,2,4,April,8,2,Mon,15,0,bd3476ef-ff8a-437c-882c-4e40747aaee7,2026-03-02 06:28:18.146111
2024-04-09,20240409,2024,2,4,April,9,3,Tue,15,0,bd3476ef-ff8a-437c-882c-4e40747aaee7,2026-03-02 06:28:18.146111
2024-04-10,20240410,2024,2,4,April,10,4,Wed,15,0,bd3476ef-ff8a-437c-882c-4e40747aaee7,2026-03-02 06:28:18.146111
2024-04-11,20240411,2024,2,4,April,11,5,Thu,15,0,bd3476ef-ff8a-437c-882c-4e40747aaee7,2026-03-02 06:28:18.146111
2024-04-12,20240412,2024,2,4,April,12,6,Fri,15,0,bd3476ef-ff8a-437c-882c-4e40747aaee7,2026-03-02 06:28:18.146111
2024-04-13,20240413,2024,2,4,April,13,7,Sat,15,1,bd3476ef-ff8a-437c-882c-4e40747aaee7,2026-03-02 06:28:18.146111
2024-04-14,20240414,2024,2,4,April,14,1,Sun,15,1,bd3476ef-ff8a-437c-882c-4e40747aaee7,2026-03-02 06:28:18.146111
2024-04-15,20240415,2024,2,4,April,15,2,Mon,16,0,bd3476ef-ff8a-437c-882c-4e40747aaee7,2026-03-02 06:28:18.146111
2024-04-16,20240416,2024,2,4,April,16,3,Tue,16,0,bd3476ef-ff8a-437c-882c-4e40747aaee7,2026-03-02 06:28:18.146111
2024-04-17,20240417,2024,2,4,April,17,4,Wed,16,0,bd3476ef-ff8a-437c-882c-4e40747aaee7,2026-03-02 06:28:18.146111
2024-04-18,20240418,2024,2,4,April,18,5,Thu,16,0,bd3476ef-ff8a-437c-882c-4e40747aaee7,2026-03-02 06:28:18.146111
2024-04-19,20240419,2024,2,4,April,19,6,Fri,16,0,bd3476ef-ff8a-437c-882c-4e40747aaee7,2026-03-02 06:28:18.146111
2024-04-20,20240420,2024,2,4,April,20,7,Sat,16,1,bd3476ef-ff8a-437c-882c-4e40747aaee7,2026-03-02 06:28:18.146111
2024-04-21,20240421,2024,2,4,April,21,1,Sun,16,1,bd3476ef-ff8a-437c-882c-4e40747aaee7,2026-03-02 06:28:18.146111
2024-04-22,20240422,2024,2,4,April,22,2,Mon,17,0,bd3476ef-ff8a-437c-882c-4e40747aaee7,2026-03-02 06:28:18.146111
2024-04-23,20240423,2024,2,4,April,23,3,Tue,17,0,bd3476ef-ff8a-437c-882c-4e40747aaee7,2026-03-02 06:28:18.146111
2024-04-24,20240424,2024,2,4,April,24,4,Wed,17,0,bd3476ef-ff8a-437c-882c-4e40747aaee7,2026-03-02 06:28:18.146111
2024-04-25,20240425,2024,2,4,April,25,5,Thu,17,0,bd3476ef-ff8a-437c-882c-4e40747aaee7,2026-03-02 06:28:18.146111
2024-04-26,20240426,2024,2,4,April,26,6,Fri,17,0,bd3476ef-ff8a-437c-882c-4e40747aaee7,2026-03-02 06:28:18.146111
2024-04-27,20240427,2024,2,4,April,27,7,Sat,17,1,bd3476ef-ff8a-437c-882c-4e40747aaee7,2026-03-02 06:28:18.146111
2024-04-28,20240428,2024,2,4,April,28,1,Sun,17,1,bd3476ef-ff8a-437c-882c-4e40747aaee7,2026-03-02 06:28:18.146111
2024-04-29,20240429,2024,2,4,April,29,2,Mon,18,0,bd3476ef-ff8a-437c-882c-4e40747aaee7,2026-03-02 06:28:18.146111
2024-04-30,20240430,2024,2,4,April,30,3,Tue,18,0,bd3476ef-ff8a-437c-882c-4e40747aaee7,2026-03-02 06:28:18.146111
2024-05-01,20240501,2024,2,5,May,1,4,Wed,18,0,bd3476ef-ff8a-437c-882c-4e40747aaee7,2026-03-02 06:28:18.146111
2024-05-02,20240502,2024,2,5,May,2,5,Thu,18,0,bd3476ef-ff8a-437c-882c-4e40747aaee7,2026-03-02 06:28:18.146111
2024-05-03,20240503,2024,2,5,May,3,6,Fri,18,0,bd3476ef-ff8a-437c-882c-4e40747aaee7,2026-03-02 06:28:18.146111
2024-05-04,20240504,2024,2,5,May,4,7,Sat,18,1,bd3476ef-ff8a-437c-882c-4e40747aaee7,2026-03-02 06:28:18.146111
2024-05-05,20240505,2024,2,5,May,5,1,Sun,18,1,bd3476ef-ff8a-437c-882c-4e40747aaee7,2026-03-02 06:28:18.146111
2024-05-06,20240506,2024,2,5,May,6,2,Mon,19,0,bd3476ef-ff8a-437c-882c-4e40747aaee7,2026-03-02 06:28:18.146111
2024-05-07,20240507,2024,2,5,May,7,3,Tue,19,0,bd3476ef-ff8a-437c-882c-4e40747aaee7,2026-03-02 06:28:18.146111
2024-05-08,20240508,2024,2,5,May,8,4,Wed,19,0,bd3476ef-ff8a-437c-882c-4e40747aaee7,2026-03-02 06:28:18.146111
2024-05-09,20240509,2024,2,5,May,9,5,Thu,19,0,bd3476ef-ff8a-437c-882c-4e40747aaee7,2026-03-02 06:28:18.146111
2024-05-10,20240510,2024,2,5,May,10,6,Fri,19,0,bd3476ef-ff8a-437c-882c-4e40747aaee7,2026-03-02 06:28:18.146111
2024-05-11,20240511,2024,2,5,May,11,7,Sat,19,1,bd3476ef-ff8a-437c-882c-4e40747aaee7,2026-03-02 06:28:18.146111
2024-05-12,20240512,2024,2,5,May,12,1,Sun,19,1,bd3476ef-ff8a-437c-882c-4e40747aaee7,2026-03-02 06:28:18.146111
2024-05-13,20240513,2024,2,5,May,13,2,Mon,20,0,bd3476ef-ff8a-437c-882c-4e40747aaee7,2026-03-02 06:28:18.146111
2024-05-14,20240514,2024,2,5,May,14,3,Tue,20,0,bd3476ef-ff8a-437c-882c-4e40747aaee7,2026-03-02 06:28:18.146111
2024-05-15,20240515,2024,2,5,May,15,4,Wed,20,0,bd3476ef-ff8a-437c-882c-4e40747aaee7,2026-03-02 06:28:18.146111
2024-05-16,20240516,2024,2,5,May,16,5,Thu,20,0,bd3476ef-ff8a-437c-882c-4e40747aaee7,2026-03-02 06:28:18.146111
2024-05-17,20240517,2024,2,5,May,17,6,Fri,20,0,bd3476ef-ff8a-437c-882c-4e40747aaee7,2026-03-02 06:28:18.146111
2024-05-18,20240518,2024,2,5,May,18,7,Sat,20,1,bd3476ef-ff8a-437c-882c-4e40747aaee7,2026-03-02 06:28:18.146111
2024-05-19,20240519,2024,2,5,May,19,1,Sun,20,1,bd3476ef-ff8a-437c-882c-4e40747aaee7,2026-03-02 06:28:18.146111
2024-05-20,20240520,2024,2,5,May,20,2,Mon,21,0,bd3476ef-ff8a-437c-882c-4e40747aaee7,2026-03-02 06:28:18.146111
2024-05-21,20240521,2024,2,5,May,21,3,Tue,21,0,bd3476ef-ff8a-437c-882c-4e40747aaee7,2026-03-02 06:28:18.146111
2024-05-22,20240522,2024,2,5,May,22,4,Wed,21,0,bd3476ef-ff8a-437c-882c-4e40747aaee7,2026-03-02 06:28:18.146111
2024-05-23,20240523,2024,2,5,May,23,5,Thu,21,0,bd3476ef-ff8a-437c-882c-4e40747aaee7,2026-03-02 06:28:18.146111
2024-05-24,20240524,2024,2,5,May,24,6,Fri,21,0,bd3476ef-ff8a-437c-882c-4e40747aaee7,2026-03-02 06:28:18.146111
2024-05-25,20240525,2024,2,5,May,25,7,Sat,21,1,bd3476ef-ff8a-437c-882c-4e40747aaee7,2026-03-02 06:28:18.146111
2024-05-26,20240526,2024,2,5,May,26,1,Sun,21,1,bd3476ef-ff8a-437c-882c-4e40747aaee7,2026-03-02 06:28:18.146111
2024-05-27,20240527,2024,2,5,May,27,2,Mon,22,0,bd3476ef-ff8a-437c-882c-4e40747aaee7,2026-03-02 06:28:18.146111
2024-05-28,20240528,2024,2,5,May,28,3,Tue,22,0,bd3476ef-ff8a-437c-882c-4e40747aaee7,2026-03-02 06:28:18.146111
2024-05-29,20240529,2024,2,5,May,29,4,Wed,22,0,bd3476ef-ff8a-437c-882c-4e40747aaee7,2026-03-02 06:28:18.146111
2024-05-30,20240530,2024,2,5,May,30,5,Thu,22,0,bd3476ef-ff8a-437c-882c-4e40747aaee7,2026-03-02 06:28:18.146111
2024-05-31,20240531,2024,2,5,May,31,6,Fri,22,0,bd3476ef-ff8a-437c-882c-4e40747aaee7,2026-03-02 06:28:18.146111
2024-06-01,20240601,2024,2,6,June,1,7,Sat,22,1,bd3476ef-ff8a-437c-882c-4e40747aaee7,2026-03-02 06:28:18.146111
2024-06-02,20240602,2024,2,6,June,2,1,Sun,22,1,bd3476ef-ff8a-437c-882c-4e40747aaee7,2026-03-02 06:28:18.146111
2024-06-03,20240603,2024,2,6,June,3,2,Mon,23,0,bd3476ef-ff8a-437c-882c-4e40747aaee7,2026-03-02 06:28:18.146111
2024-06-04,20240604,2024,2,6,June,4,3,Tue,23,0,bd3476ef-ff8a-437c-882c-4e40747aaee7,2026-03-02 06:28:18.146111
2024-06-05,20240605,2024,2,6,June,5,4,Wed,23,0,bd3476ef-ff8a-437c-882c-4e40747aaee7,2026-03-02 06:28:18.146111
2024-06-06,20240606,2024,2,6,June,6,5,Thu,23,0,bd3476ef-ff8a-437c-882c-4e40747aaee7,2026-03-02 06:28:18.146111
2024-06-07,20240607,2024,2,6,June,7,6,Fri,23,0,bd3476ef-ff8a-437c-882c-4e40747aaee7,2026-03-02 06:28:18.146111
2024-06-08,20240608,2024,2,6,June,8,7,Sat,23,1,bd3476ef-ff8a-437c-882c-4e40747aaee7,2026-03-02 06:28:18.146111
2024-06-09,20240609,2024,2,6,June,9,1,Sun,23,1,bd3476ef-ff8a-437c-882c-4e40747aaee7,2026-03-02 06:28:18.146111
2024-06-10,20240610,2024,2,6,June,10,2,Mon,24,0,bd3476ef-ff8a-437c-882c-4e40747aaee7,2026-03-02 06:28:18.146111
2024-06-11,20240611,2024,2,6,June,11,3,Tue,24,0,bd3476ef-ff8a-437c-882c-4e40747aaee7,2026-03-02 06:28:18.146111
2024-06-12,20240612,2024,2,6,June,12,4,Wed,24,0,bd3476ef-ff8a-437c-882c-4e40747aaee7,2026-03-02 06:28:18.146111
2024-06-13,20240613,2024,2,6,June,13,5,Thu,24,0,bd3476ef-ff8a-437c-882c-4e40747aaee7,2026-03-02 06:28:18.146111
2024-06-14,20240614,2024,2,6,June,14,6,Fri,24,0,bd3476ef-ff8a-437c-882c-4e40747aaee7,2026-03-02 06:28:18.146111
2024-06-15,20240615,2024,2,6,June,15,7,Sat,24,1,bd3476ef-ff8a-437c-882c-4e40747aaee7,2026-03-02 06:28:18.146111
2024-06-16,20240616,2024,2,6,June,16,1,Sun,24,1,bd3476ef-ff8a-437c-882c-4e40747aaee7,2026-03-02 06:28:18.146111
2024-06-17,20240617,2024,2,6,June,17,2,Mon,25,0,bd3476ef-ff8a-437c-882c-4e40747aaee7,2026-03-02 06:28:18.146111
2024-06-18,20240618,2024,2,6,June,18,3,Tue,25,0,bd3476ef-ff8a-437c-882c-4e40747aaee7,2026-03-02 06:28:18.146111
2024-06-19,20240619,2024,2,6,June,19,4,Wed,25,0,bd3476ef-ff8a-437c-882c-4e40747aaee7,2026-03-02 06:28:18.146111
2024-06-20,20240620,2024,2,6,June,20,5,Thu,25,0,bd3476ef-ff8a-437c-882c-4e40747aaee7,2026-03-02 06:28:18.146111
2024-06-21,20240621,2024,2,6,June,21,6,Fri,25,0,bd3476ef-ff8a-437c-882c-4e40747aaee7,2026-03-02 06:28:18.146111
2024-06-22,20240622,2024,2,6,June,22,7,Sat,25,1,bd3476ef-ff8a-437c-882c-4e40747aaee7,2026-03-02 06:28:18.146111
2024-06-23,20240623,2024,2,6,June,23,1,Sun,25,1,bd3476ef-ff8a-437c-882c-4e40747aaee7,2026-03-02 06:28:18.146111
2024-06-24,20240624,2024,2,6,June,24,2,Mon,26,0,bd3476ef-ff8a-437c-882c-4e40747aaee7,2026-03-02 06:28:18.146111
2024-06-25,20240625,2024,2,6,June,25,3,Tue,26,0,bd3476ef-ff8a-437c-882c-4e40747aaee7,2026-03-02 06:28:18.146111
2024-06-26,20240626,2024,2,6,June,26,4,Wed,26,0,bd3476ef-ff8a-437c-882c-4e40747aaee7,2026-03-02 06:28:18.146111
2024-06-27,20240627,2024,2,6,June,27,5,Thu,26,0,bd3476ef-ff8a-437c-882c-4e40747aaee7,2026-03-02 06:28:18.146111
2024-06-28,20240628,2024,2,6,June,28,6,Fri,26,0,bd3476ef-ff8a-437c-882c-4e40747aaee7,2026-03-02 06:28:18.146111
2024-06-29,20240629,2024,2,6,June,29,7,Sat,26,1,bd3476ef-ff8a-437c-882c-4e40747aaee7,2026-03-02 06:28:18.146111
2024-06-30,20240630,2024,2,6,June,30,1,Sun,26,1,bd3476ef-ff8a-437c-882c-4e40747aaee7,2026-03-02 06:28:18.146111
2024-07-01,20240701,2024,3,7,July,1,2,Mon,27,0,bd3476ef-ff8a-437c-882c-4e40747aaee7,2026-03-02 06:28:18.146111
2024-07-02,20240702,2024,3,7,July,2,3,Tue,27,0,bd3476ef-ff8a-437c-882c-4e40747aaee7,2026-03-02 06:28:18.146111
2024-07-03,20240703,2024,3,7,July,3,4,Wed,27,0,bd3476ef-ff8a-437c-882c-4e40747aaee7,2026-03-02 06:28:18.146111
2024-07-04,20240704,2024,3,7,July,4,5,Thu,27,0,bd3476ef-ff8a-437c-882c-4e40747aaee7,2026-03-02 06:28:18.146111
2024-07-05,20240705,2024,3,7,July,5,6,Fri,27,0,bd3476ef-ff8a-437c-882c-4e40747aaee7,2026-03-02 06:28:18.146111
2024-07-06,20240706,2024,3,7,July,6,7,Sat,27,1,bd3476ef-ff8a-437c-882c-4e40747aaee7,2026-03-02 06:28:18.146111
2024-07-07,20240707,2024,3,7,July,7,1,Sun,27,1,bd3476ef-ff8a-437c-882c-4e40747aaee7,2026-03-02 06:28:18.146111
2024-07-08,20240708,2024,3,7,July,8,2,Mon,28,0,bd3476ef-ff8a-437c-882c-4e40747aaee7,2026-03-02 06:28:18.146111
2024-07-09,20240709,2024,3,7,July,9,3,Tue,28,0,bd3476ef-ff8a-437c-882c-4e40747aaee7,2026-03-02 06:28:18.146111
2024-07-10,20240710,2024,3,7,July,10,4,Wed,28,0,bd3476ef-ff8a-437c-882c-4e40747aaee7,2026-03-02 06:28:18.146111
2024-07-11,20240711,2024,3,7,July,11,5,Thu,28,0,bd3476ef-ff8a-437c-882c-4e40747aaee7,2026-03-02 06:28:18.146111
2024-07-12,20240712,2024,3,7,July,12,6,Fri,28,0,bd3476ef-ff8a-437c-882c-4e40747aaee7,2026-03-02 06:28:18.146111
2024-07-13,20240713,2024,3,7,July,13,7,Sat,28,1,bd3476ef-ff8a-437c-882c-4e40747aaee7,2026-03-02 06:28:18.146111
2024-07-14,20240714,2024,3,7,July,14,1,Sun,28,1,bd3476ef-ff8a-437c-882c-4e40747aaee7,2026-03-02 06:28:18.146111
2024-07-15,20240715,2024,3,7,July,15,2,Mon,29,0,bd3476ef-ff8a-437c-882c-4e40747aaee7,2026-03-02 06:28:18.146111
2024-07-16,20240716,2024,3,7,July,16,3,Tue,29,0,bd3476ef-ff8a-437c-882c-4e40747aaee7,2026-03-02 06:28:18.146111
2024-07-17,20240717,2024,3,7,July,17,4,Wed,29,0,bd3476ef-ff8a-437c-882c-4e40747aaee7,2026-03-02 06:28:18.146111
2024-07-18,20240718,2024,3,7,July,18,5,Thu,29,0,bd3476ef-ff8a-437c-882c-4e40747aaee7,2026-03-02 06:28:18.146111
2024-07-19,20240719,2024,3,7,July,19,6,Fri,29,0,bd3476ef-ff8a-437c-882c-4e40747aaee7,2026-03-02 06:28:18.146111
2024-07-20,20240720,2024,3,7,July,20,7,Sat,29,1,bd3476ef-ff8a-437c-882c-4e40747aaee7,2026-03-02 06:28:18.146111
2024-07-21,20240721,2024,3,7,July,21,1,Sun,29,1,bd3476ef-ff8a-437c-882c-4e40747aaee7,2026-03-02 06:28:18.146111
2024-07-22,20240722,2024,3,7,July,22,2,Mon,30,0,bd3476ef-ff8a-437c-882c-4e40747aaee7,2026-03-02 06:28:18.146111
2024-07-23,20240723,2024,3,7,July,23,3,Tue,30,0,bd3476ef-ff8a-437c-882c-4e40747aaee7,2026-03-02 06:28:18.146111
2024-07-24,20240724,2024,3,7,July,24,4,Wed,30,0,bd3476ef-ff8a-437c-882c-4e40747aaee7,2026-03-02 06:28:18.146111
2024-07-25,20240725,2024,3,7,July,25,5,Thu,30,0,bd3476ef-ff8a-437c-882c-4e40747aaee7,2026-03-02 06:28:18.146111
2024-07-26,20240726,2024,3,7,July,26,6,Fri,30,0,bd3476ef-ff8a-437c-882c-4e40747aaee7,2026-03-02 06:28:18.146111
2024-07-27,20240727,2024,3,7,July,27,7,Sat,30,1,bd3476ef-ff8a-437c-882c-4e40747aaee7,2026-03-02 06:28:18.146111
2024-07-28,20240728,2024,3,7,July,28,1,Sun,30,1,bd3476ef-ff8a-437c-882c-4e40747aaee7,2026-03-02 06:28:18.146111
2024-07-29,20240729,2024,3,7,July,29,2,Mon,31,0,bd3476ef-ff8a-437c-882c-4e40747aaee7,2026-03-02 06:28:18.146111
2024-07-30,20240730,2024,3,7,July,30,3,Tue,31,0,bd3476ef-ff8a-437c-882c-4e40747aaee7,2026-03-02 06:28:18.146111
2024-07-31,20240731,2024,3,7,July,31,4,Wed,31,0,bd3476ef-ff8a-437c-882c-4e40747aaee7,2026-03-02 06:28:18.146111
2024-08-01,20240801,2024,3,8,August,1,5,Thu,31,0,bd3476ef-ff8a-437c-882c-4e40747aaee7,2026-03-02 06:28:18.146111
2024-08-02,20240802,2024,3,8,August,2,6,Fri,31,0,bd3476ef-ff8a-437c-882c-4e40747aaee7,2026-03-02 06:28:18.146111
2024-08-03,20240803,2024,3,8,August,3,7,Sat,31,1,bd3476ef-ff8a-437c-882c-4e40747aaee7,2026-03-02 06:28:18.146111
2024-08-04,20240804,2024,3,8,August,4,1,Sun,31,1,bd3476ef-ff8a-437c-882c-4e40747aaee7,2026-03-02 06:28:18.146111
2024-08-05,20240805,2024,3,8,August,5,2,Mon,32,0,bd3476ef-ff8a-437c-882c-4e40747aaee7,2026-03-02 06:28:18.146111
2024-08-06,20240806,2024,3,8,August,6,3,Tue,32,0,bd3476ef-ff8a-437c-882c-4e40747aaee7,2026-03-02 06:28:18.146111
2024-08-07,20240807,2024,3,8,August,7,4,Wed,32,0,bd3476ef-ff8a-437c-882c-4e40747aaee7,2026-03-02 06:28:18.146111
2024-08-08,20240808,2024,3,8,August,8,5,Thu,32,0,bd3476ef-ff8a-437c-882c-4e40747aaee7,2026-03-02 06:28:18.146111
2024-08-09,20240809,2024,3,8,August,9,6,Fri,32,0,bd3476ef-ff8a-437c-882c-4e40747aaee7,2026-03-02 06:28:18.146111
2024-08-10,20240810,2024,3,8,August,10,7,Sat,32,1,bd3476ef-ff8a-437c-882c-4e40747aaee7,2026-03-02 06:28:18.146111
2024-08-11,20240811,2024,3,8,August,11,1,Sun,32,1,bd3476ef-ff8a-437c-882c-4e40747aaee7,2026-03-02 06:28:18.146111
2024-08-12,20240812,2024,3,8,August,12,2,Mon,33,0,bd3476ef-ff8a-437c-882c-4e40747aaee7,2026-03-02 06:28:18.146111
2024-08-13,20240813,2024,3,8,August,13,3,Tue,33,0,bd3476ef-ff8a-437c-882c-4e40747aaee7,2026-03-02 06:28:18.146111
2024-08-14,20240814,2024,3,8,August,14,4,Wed,33,0,bd3476ef-ff8a-437c-882c-4e40747aaee7,2026-03-02 06:28:18.146111
2024-08-15,20240815,2024,3,8,August,15,5,Thu,33,0,bd3476ef-ff8a-437c-882c-4e40747aaee7,2026-03-02 06:28:18.146111
2024-08-16,20240816,2024,3,8,August,16,6,Fri,33,0,bd3476ef-ff8a-437c-882c-4e40747aaee7,2026-03-02 06:28:18.146111
2024-08-17,20240817,2024,3,8,August,17,7,Sat,33,1,bd3476ef-ff8a-437c-882c-4e40747aaee7,2026-03-02 06:28:18.146111
2024-08-18,20240818,2024,3,8,August,18,1,Sun,33,1,bd3476ef-ff8a-437c-882c-4e40747aaee7,2026-03-02 06:28:18.146111
2024-08-19,20240819,2024,3,8,August,19,2,Mon,34,0,bd3476ef-ff8a-437c-882c-4e40747aaee7,2026-03-02 06:28:18.146111
2024-08-20,20240820,2024,3,8,August,20,3,Tue,34,0,bd3476ef-ff8a-437c-882c-4e40747aaee7,2026-03-02 06:28:18.146111
2024-08-21,20240821,2024,3,8,August,21,4,Wed,34,0,bd3476ef-ff8a-437c-882c-4e40747aaee7,2026-03-02 06:28:18.146111
2024-08-22,20240822,2024,3,8,August,22,5,Thu,34,0,bd3476ef-ff8a-437c-882c-4e40747aaee7,2026-03-02 06:28:18.146111
2024-08-23,20240823,2024,3,8,August,23,6,Fri,34,0,bd3476ef-ff8a-437c-882c-4e40747aaee7,2026-03-02 06:28:18.146111
2024-08-24,20240824,2024,3,8,August,24,7,Sat,34,1,bd3476ef-ff8a-437c-882c-4e40747aaee7,2026-03-02 06:28:18.146111
2024-08-25,20240825,2024,3,8,August,25,1,Sun,34,1,bd3476ef-ff8a-437c-882c-4e40747aaee7,2026-03-02 06:28:18.146111
2024-08-26,20240826,2024,3,8,August,26,2,Mon,35,0,bd3476ef-ff8a-437c-882c-4e40747aaee7,2026-03-02 06:28:18.146111
2024-08-27,20240827,2024,3,8,August,27,3,Tue,35,0,bd3476ef-ff8a-437c-882c-4e40747aaee7,2026-03-02 06:28:18.146111
2024-08-28,20240828,2024,3,8,August,28,4,Wed,35,0,bd3476ef-ff8a-437c-882c-4e40747aaee7,2026-03-02 06:28:18.146111
2024-08-29,20240829,2024,3,8,August,29,5,Thu,35,0,bd3476ef-ff8a-437c-882c-4e40747aaee7,2026-03-02 06:28:18.146111
2024-08-30,20240830,2024,3,8,August,30,6,Fri,35,0,bd3476ef-ff8a-437c-882c-4e40747aaee7,2026-03-02 06:28:18.146111
2024-08-31,20240831,2024,3,8,August,31,7,Sat,35,1,bd3476ef-ff8a-437c-882c-4e40747aaee7,2026-03-02 06:28:18.146111
2024-09-01,20240901,2024,3,9,September,1,1,Sun,35,1,bd3476ef-ff8a-437c-882c-4e40747aaee7,2026-03-02 06:28:18.146111
2024-09-02,20240902,2024,3,9,September,2,2,Mon,36,0,bd3476ef-ff8a-437c-882c-4e40747aaee7,2026-03-02 06:28:18.146111
2024-09-03,20240903,2024,3,9,September,3,3,Tue,36,0,bd3476ef-ff8a-437c-882c-4e40747aaee7,2026-03-02 06:28:18.146111
2024-09-04,20240904,2024,3,9,September,4,4,Wed,36,0,bd3476ef-ff8a-437c-882c-4e40747aaee7,2026-03-02 06:28:18.146111
2024-09-05,20240905,2024,3,9,September,5,5,Thu,36,0,bd3476ef-ff8a-437c-882c-4e40747aaee7,2026-03-02 06:28:18.146111
2024-09-06,20240906,2024,3,9,September,6,6,Fri,36,0,bd3476ef-ff8a-437c-882c-4e40747aaee7,2026-03-02 06:28:18.146111
2024-09-07,20240907,2024,3,9,September,7,7,Sat,36,1,bd3476ef-ff8a-437c-882c-4e40747aaee7,2026-03-02 06:28:18.146111
2024-09-08,20240908,2024,3,9,September,8,1,Sun,36,1,bd3476ef-ff8a-437c-882c-4e40747aaee7,2026-03-02 06:28:18.146111
2024-09-09,20240909,2024,3,9,September,9,2,Mon,37,0,bd3476ef-ff8a-437c-882c-4e40747aaee7,2026-03-02 06:28:18.146111
2024-09-10,20240910,2024,3,9,September,10,3,Tue,37,0,bd3476ef-ff8a-437c-882c-4e40747aaee7,2026-03-02 06:28:18.146111
2024-09-11,20240911,2024,3,9,September,11,4,Wed,37,0,bd3476ef-ff8a-437c-882c-4e40747aaee7,2026-03-02 06:28:18.146111
2024-09-12,20240912,2024,3,9,September,12,5,Thu,37,0,bd3476ef-ff8a-437c-882c-4e40747aaee7,2026-03-02 06:28:18.146111
2024-09-13,20240913,2024,3,9,September,13,6,Fri,37,0,bd3476ef-ff8a-437c-882c-4e40747aaee7,2026-03-02 06:28:18.146111
2024-09-14,20240914,2024,3,9,September,14,7,Sat,37,1,bd3476ef-ff8a-437c-882c-4e40747aaee7,2026-03-02 06:28:18.146111
2024-09-15,20240915,2024,3,9,September,15,1,Sun,37,1,bd3476ef-ff8a-437c-882c-4e40747aaee7,2026-03-02 06:28:18.146111
2024-09-16,20240916,2024,3,9,September,16,2,Mon,38,0,bd3476ef-ff8a-437c-882c-4e40747aaee7,2026-03-02 06:28:18.146111
2024-09-17,20240917,2024,3,9,September,17,3,Tue,38,0,bd3476ef-ff8a-437c-882c-4e40747aaee7,2026-03-02 06:28:18.146111
2024-09-18,20240918,2024,3,9,September,18,4,Wed,38,0,bd3476ef-ff8a-437c-882c-4e40747aaee7,2026-03-02 06:28:18.146111
2024-09-19,20240919,2024,3,9,September,19,5,Thu,38,0,bd3476ef-ff8a-437c-882c-4e40747aaee7,2026-03-02 06:28:18.146111
2024-09-20,20240920,2024,3,9,September,20,6,Fri,38,0,bd3476ef-ff8a-437c-882c-4e40747aaee7,2026-03-02 06:28:18.146111
2024-09-21,20240921,2024,3,9,September,21,7,Sat,38,1,bd3476ef-ff8a-437c-882c-4e40747aaee7,2026-03-02 06:28:18.146111
2024-09-22,20240922,2024,3,9,September,22,1,Sun,38,1,bd3476ef-ff8a-437c-882c-4e40747aaee7,2026-03-02 06:28:18.146111
2024-09-23,20240923,2024,3,9,September,23,2,Mon,39,0,bd3476ef-ff8a-437c-882c-4e40747aaee7,2026-03-02 06:28:18.146111
2024-09-24,20240924,2024,3,9,September,24,3,Tue,39,0,bd3476ef-ff8a-437c-882c-4e40747aaee7,2026-03-02 06:28:18.146111
2024-09-25,20240925,2024,3,9,September,25,4,Wed,39,0,bd3476ef-ff8a-437c-882c-4e40747aaee7,2026-03-02 06:28:18.146111
2024-09-26,20240926,2024,3,9,September,26,5,Thu,39,0,bd3476ef-ff8a-437c-882c-4e40747aaee7,2026-03-02 06:28:18.146111
2024-09-27,20240927,2024,3,9,September,27,6,Fri,39,0,bd3476ef-ff8a-437c-882c-4e40747aaee7,2026-03-02 06:28:18.146111
2024-09-28,20240928,2024,3,9,September,28,7,Sat,39,1,bd3476ef-ff8a-437c-882c-4e40747aaee7,2026-03-02 06:28:18.146111
2024-09-29,20240929,2024,3,9,September,29,1,Sun,39,1,bd3476ef-ff8a-437c-882c-4e40747aaee7,2026-03-02 06:28:18.146111
2024-09-30,20240930,2024,3,9,September,30,2,Mon,40,0,bd3476ef-ff8a-437c-882c-4e40747aaee7,2026-03-02 06:28:18.146111
2024-10-01,20241001,2024,4,10,October,1,3,Tue,40,0,bd3476ef-ff8a-437c-882c-4e40747aaee7,2026-03-02 06:28:18.146111
2024-10-02,20241002,2024,4,10,October,2,4,Wed,40,0,bd3476ef-ff8a-437c-882c-4e40747aaee7,2026-03-02 06:28:18.146111
2024-10-03,20241003,2024,4,10,October,3,5,Thu,40,0,bd3476ef-ff8a-437c-882c-4e40747aaee7,2026-03-02 06:28:18.146111
2024-10-04,20241004,2024,4,10,October,4,6,Fri,40,0,bd3476ef-ff8a-437c-882c-4e40747aaee7,2026-03-02 06:28:18.146111
2024-10-05,20241005,2024,4,10,October,5,7,Sat,40,1,bd3476ef-ff8a-437c-882c-4e40747aaee7,2026-03-02 06:28:18.146111
2024-10-06,20241006,2024,4,10,October,6,1,Sun,40,1,bd3476ef-ff8a-437c-882c-4e40747aaee7,2026-03-02 06:28:18.146111
2024-10-07,20241007,2024,4,10,October,7,2,Mon,41,0,bd3476ef-ff8a-437c-882c-4e40747aaee7,2026-03-02 06:28:18.146111
2024-10-08,20241008,2024,4,10,October,8,3,Tue,41,0,bd3476ef-ff8a-437c-882c-4e40747aaee7,2026-03-02 06:28:18.146111
2024-10-09,20241009,2024,4,10,October,9,4,Wed,41,0,bd3476ef-ff8a-437c-882c-4e40747aaee7,2026-03-02 06:28:18.146111
2024-10-10,20241010,2024,4,10,October,10,5,Thu,41,0,bd3476ef-ff8a-437c-882c-4e40747aaee7,2026-03-02 06:28:18.146111
2024-10-11,20241011,2024,4,10,October,11,6,Fri,41,0,bd3476ef-ff8a-437c-882c-4e40747aaee7,2026-03-02 06:28:18.146111
2024-10-12,20241012,2024,4,10,October,12,7,Sat,41,1,bd3476ef-ff8a-437c-882c-4e40747aaee7,2026-03-02 06:28:18.146111
2024-10-13,20241013,2024,4,10,October,13,1,Sun,41,1,bd3476ef-ff8a-437c-882c-4e40747aaee7,2026-03-02 06:28:18.146111
2024-10-14,20241014,2024,4,10,October,14,2,Mon,42,0,bd3476ef-ff8a-437c-882c-4e40747aaee7,2026-03-02 06:28:18.146111
2024-10-15,20241015,2024,4,10,October,15,3,Tue,42,0,bd3476ef-ff8a-437c-882c-4e40747aaee7,2026-03-02 06:28:18.146111
2024-10-16,20241016,2024,4,10,October,16,4,Wed,42,0,bd3476ef-ff8a-437c-882c-4e40747aaee7,2026-03-02 06:28:18.146111
2024-10-17,20241017,2024,4,10,October,17,5,Thu,42,0,bd3476ef-ff8a-437c-882c-4e40747aaee7,2026-03-02 06:28:18.146111
2024-10-18,20241018,2024,4,10,October,18,6,Fri,42,0,bd3476ef-ff8a-437c-882c-4e40747aaee7,2026-03-02 06:28:18.146111
2024-10-19,20241019,2024,4,10,October,19,7,Sat,42,1,bd3476ef-ff8a-437c-882c-4e40747aaee7,2026-03-02 06:28:18.146111
2024-10-20,20241020,2024,4,10,October,20,1,Sun,42,1,bd3476ef-ff8a-437c-882c-4e40747aaee7,2026-03-02 06:28:18.146111
2024-10-21,20241021,2024,4,10,October,21,2,Mon,43,0,bd3476ef-ff8a-437c-882c-4e40747aaee7,2026-03-02 06:28:18.146111
2024-10-22,20241022,2024,4,10,October,22,3,Tue,43,0,bd3476ef-ff8a-437c-882c-4e40747aaee7,2026-03-02 06:28:18.146111
2024-10-23,20241023,2024,4,10,October,23,4,Wed,43,0,bd3476ef-ff8a-437c-882c-4e40747aaee7,2026-03-02 06:28:18.146111
2024-10-24,20241024,2024,4,10,October,24,5,Thu,43,0,bd3476ef-ff8a-437c-882c-4e40747aaee7,2026-03-02 06:28:18.146111
2024-10-25,20241025,2024,4,10,October,25,6,Fri,43,0,bd3476ef-ff8a-437c-882c-4e40747aaee7,2026-03-02 06:28:18.146111
2024-10-26,20241026,2024,4,10,October,26,7,Sat,43,1,bd3476ef-ff8a-437c-882c-4e40747aaee7,2026-03-02 06:28:18.146111
2024-10-27,20241027,2024,4,10,October,27,1,Sun,43,1,bd3476ef-ff8a-437c-882c-4e40747aaee7,2026-03-02 06:28:18.146111
2024-10-28,20241028,2024,4,10,October,28,2,Mon,44,0,bd3476ef-ff8a-437c-882c-4e40747aaee7,2026-03-02 06:28:18.146111
2024-10-29,20241029,2024,4,10,October,29,3,Tue,44,0,bd3476ef-ff8a-437c-882c-4e40747aaee7,2026-03-02 06:28:18.146111
2024-10-30,20241030,2024,4,10,October,30,4,Wed,44,0,bd3476ef-ff8a-437c-882c-4e40747aaee7,2026-03-02 06:28:18.146111
2024-10-31,20241031,2024,4,10,October,31,5,Thu,44,0,bd3476ef-ff8a-437c-882c-4e40747aaee7,2026-03-02 06:28:18.146111
2024-11-01,20241101,2024,4,11,November,1,6,Fri,44,0,bd3476ef-ff8a-437c-882c-4e40747aaee7,2026-03-02 06:28:18.146111
2024-11-02,20241102,2024,4,11,November,2,7,Sat,44,1,bd3476ef-ff8a-437c-882c-4e40747aaee7,2026-03-02 06:28:18.146111
2024-11-03,20241103,2024,4,11,November,3,1,Sun,44,1,bd3476ef-ff8a-437c-882c-4e40747aaee7,2026-03-02 06:28:18.146111
2024-11-04,20241104,2024,4,11,November,4,2,Mon,45,0,bd3476ef-ff8a-437c-882c-4e40747aaee7,2026-03-02 06:28:18.146111
2024-11-05,20241105,2024,4,11,November,5,3,Tue,45,0,bd3476ef-ff8a-437c-882c-4e40747aaee7,2026-03-02 06:28:18.146111
2024-11-06,20241106,2024,4,11,November,6,4,Wed,45,0,bd3476ef-ff8a-437c-882c-4e40747aaee7,2026-03-02 06:28:18.146111
2024-11-07,20241107,2024,4,11,November,7,5,Thu,45,0,bd3476ef-ff8a-437c-882c-4e40747aaee7,2026-03-02 06:28:18.146111
2024-11-08,20241108,2024,4,11,November,8,6,Fri,45,0,bd3476ef-ff8a-437c-882c-4e40747aaee7,2026-03-02 06:28:18.146111
2024-11-09,20241109,2024,4,11,November,9,7,Sat,45,1,bd3476ef-ff8a-437c-882c-4e40747aaee7,2026-03-02 06:28:18.146111
2024-11-10,20241110,2024,4,11,November,10,1,Sun,45,1,bd3476ef-ff8a-437c-882c-4e40747aaee7,2026-03-02 06:28:18.146111
2024-11-11,20241111,2024,4,11,November,11,2,Mon,46,0,bd3476ef-ff8a-437c-882c-4e40747aaee7,2026-03-02 06:28:18.146111
2024-11-12,20241112,2024,4,11,November,12,3,Tue,46,0,bd3476ef-ff8a-437c-882c-4e40747aaee7,2026-03-02 06:28:18.146111
2024-11-13,20241113,2024,4,11,November,13,4,Wed,46,0,bd3476ef-ff8a-437c-882c-4e40747aaee7,2026-03-02 06:28:18.146111
2024-11-14,20241114,2024,4,11,November,14,5,Thu,46,0,bd3476ef-ff8a-437c-882c-4e40747aaee7,2026-03-02 06:28:18.146111
2024-11-15,20241115,2024,4,11,November,15,6,Fri,46,0,bd3476ef-ff8a-437c-882c-4e40747aaee7,2026-03-02 06:28:18.146111
2024-11-16,20241116,2024,4,11,November,16,7,Sat,46,1,bd3476ef-ff8a-437c-882c-4e40747aaee7,2026-03-02 06:28:18.146111
2024-11-17,20241117,2024,4,11,November,17,1,Sun,46,1,bd3476ef-ff8a-437c-882c-4e40747aaee7,2026-03-02 06:28:18.146111
2024-11-18,20241118,2024,4,11,November,18,2,Mon,47,0,bd3476ef-ff8a-437c-882c-4e40747aaee7,2026-03-02 06:28:18.146111
2024-11-19,20241119,2024,4,11,November,19,3,Tue,47,0,bd3476ef-ff8a-437c-882c-4e40747aaee7,2026-03-02 06:28:18.146111
2024-11-20,20241120,2024,4,11,November,20,4,Wed,47,0,bd3476ef-ff8a-437c-882c-4e40747aaee7,2026-03-02 06:28:18.146111
2024-11-21,20241121,2024,4,11,November,21,5,Thu,47,0,bd3476ef-ff8a-437c-882c-4e40747aaee7,2026-03-02 06:28:18.146111
2024-11-22,20241122,2024,4,11,November,22,6,Fri,47,0,bd3476ef-ff8a-437c-882c-4e40747aaee7,2026-03-02 06:28:18.146111
2024-11-23,20241123,2024,4,11,November,23,7,Sat,47,1,bd3476ef-ff8a-437c-882c-4e40747aaee7,2026-03-02 06:28:18.146111
2024-11-24,20241124,2024,4,11,November,24,1,Sun,47,1,bd3476ef-ff8a-437c-882c-4e40747aaee7,2026-03-02 06:28:18.146111
2024-11-25,20241125,2024,4,11,November,25,2,Mon,48,0,bd3476ef-ff8a-437c-882c-4e40747aaee7,2026-03-02 06:28:18.146111
2024-11-26,20241126,2024,4,11,November,26,3,Tue,48,0,bd3476ef-ff8a-437c-882c-4e40747aaee7,2026-03-02 06:28:18.146111
2024-11-27,20241127,2024,4,11,November,27,4,Wed,48,0,bd3476ef-ff8a-437c-882c-4e40747aaee7,2026-03-02 06:28:18.146111
2024-11-28,20241128,2024,4,11,November,28,5,Thu,48,0,bd3476ef-ff8a-437c-882c-4e40747aaee7,2026-03-02 06:28:18.146111
2024-11-29,20241129,2024,4,11,November,29,6,Fri,48,0,bd3476ef-ff8a-437c-882c-4e40747aaee7,2026-03-02 06:28:18.146111
2024-11-30,20241130,2024,4,11,November,30,7,Sat,48,1,bd3476ef-ff8a-437c-882c-4e40747aaee7,2026-03-02 06:28:18.146111
2024-12-01,20241201,2024,4,12,December,1,1,Sun,48,1,bd3476ef-ff8a-437c-882c-4e40747aaee7,2026-03-02 06:28:18.146111
2024-12-02,20241202,2024,4,12,December,2,2,Mon,49,0,bd3476ef-ff8a-437c-882c-4e40747aaee7,2026-03-02 06:28:18.146111
2024-12-03,20241203,2024,4,12,December,3,3,Tue,49,0,bd3476ef-ff8a-437c-882c-4e40747aaee7,2026-03-02 06:28:18.146111
2024-12-04,20241204,2024,4,12,December,4,4,Wed,49,0,bd3476ef-ff8a-437c-882c-4e40747aaee7,2026-03-02 06:28:18.146111
2024-12-05,20241205,2024,4,12,December,5,5,Thu,49,0,bd3476ef-ff8a-437c-882c-4e40747aaee7,2026-03-02 06:28:18.146111
2024-12-06,20241206,2024,4,12,December,6,6,Fri,49,0,bd3476ef-ff8a-437c-882c-4e40747aaee7,2026-03-02 06:28:18.146111
2024-12-07,20241207,2024,4,12,December,7,7,Sat,49,1,bd3476ef-ff8a-437c-882c-4e40747aaee7,2026-03-02 06:28:18.146111
2024-12-08,20241208,2024,4,12,December,8,1,Sun,49,1,bd3476ef-ff8a-437c-882c-4e40747aaee7,2026-03-02 06:28:18.146111
2024-12-09,20241209,2024,4,12,December,9,2,Mon,50,0,bd3476ef-ff8a-437c-882c-4e40747aaee7,2026-03-02 06:28:18.146111
2024-12-10,20241210,2024,4,12,December,10,3,Tue,50,0,bd3476ef-ff8a-437c-882c-4e40747aaee7,2026-03-02 06:28:18.146111
2024-12-11,20241211,2024,4,12,December,11,4,Wed,50,0,bd3476ef-ff8a-437c-882c-4e40747aaee7,2026-03-02 06:28:18.146111
2024-12-12,20241212,2024,4,12,December,12,5,Thu,50,0,bd3476ef-ff8a-437c-882c-4e40747aaee7,2026-03-02 06:28:18.146111
2024-12-13,20241213,2024,4,12,December,13,6,Fri,50,0,bd3476ef-ff8a-437c-882c-4e40747aaee7,2026-03-02 06:28:18.146111
2024-12-14,20241214,2024,4,12,December,14,7,Sat,50,1,bd3476ef-ff8a-437c-882c-4e40747aaee7,2026-03-02 06:28:18.146111
2024-12-15,20241215,2024,4,12,December,15,1,Sun,50,1,bd3476ef-ff8a-437c-882c-4e40747aaee7,2026-03-02 06:28:18.146111
2024-12-16,20241216,2024,4,12,December,16,2,Mon,51,0,bd3476ef-ff8a-437c-882c-4e40747aaee7,2026-03-02 06:28:18.146111
2024-12-17,20241217,2024,4,12,December,17,3,Tue,51,0,bd3476ef-ff8a-437c-882c-4e40747aaee7,2026-03-02 06:28:18.146111
2024-12-18,20241218,2024,4,12,December,18,4,Wed,51,0,bd3476ef-ff8a-437c-882c-4e40747aaee7,2026-03-02 06:28:18.146111
2024-12-19,20241219,2024,4,12,December,19,5,Thu,51,0,bd3476ef-ff8a-437c-882c-4e40747aaee7,2026-03-02 06:28:18.146111
2024-12-20,20241220,2024,4,12,December,20,6,Fri,51,0,bd3476ef-ff8a-437c-882c-4e40747aaee7,2026-03-02 06:28:18.146111
2024-12-21,20241221,2024,4,12,December,21,7,Sat,51,1,bd3476ef-ff8a-437c-882c-4e40747aaee7,2026-03-02 06:28:18.146111
2024-12-22,20241222,2024,4,12,December,22,1,Sun,51,1,bd3476ef-ff8a-437c-882c-4e40747aaee7,2026-03-02 06:28:18.146111
2024-12-23,20241223,2024,4,12,December,23,2,Mon,52,0,bd3476ef-ff8a-437c-882c-4e40747aaee7,2026-03-02 06:28:18.146111
2024-12-24,20241224,2024,4,12,December,24,3,Tue,52,0,bd3476ef-ff8a-437c-882c-4e40747aaee7,2026-03-02 06:28:18.146111
2024-12-25,20241225,2024,4,12,December,25,4,Wed,52,0,bd3476ef-ff8a-437c-882c-4e40747aaee7,2026-03-02 06:28:18.146111
2024-12-26,20241226,2024,4,12,December,26,5,Thu,52,0,bd3476ef-ff8a-437c-882c-4e40747aaee7,2026-03-02 06:28:18.146111
2024-12-27,20241227,2024,4,12,December,27,6,Fri,52,0,bd3476ef-ff8a-437c-882c-4e40747aaee7,2026-03-02 06:28:18.146111
2024-12-28,20241228,2024,4,12,December,28,7,Sat,52,1,bd3476ef-ff8a-437c-882c-4e40747aaee7,2026-03-02 06:28:18.146111
2024-12-29,20241229,2024,4,12,December,29,1,Sun,52,1,bd3476ef-ff8a-437c-882c-4e40747aaee7,2026-03-02 06:28:18.146111
2024-12-30,20241230,2024,4,12,December,30,2,Mon,1,0,bd3476ef-ff8a-437c-882c-4e40747aaee7,2026-03-02 06:28:18.146111
2024-12-31,20241231,2024,4,12,December,31,3,Tue,1,0,bd3476ef-ff8a-437c-882c-4e40747aaee7,2026-03-02 06:28:18.146111
2025-01-01,20250101,2025,1,1,January,1,4,Wed,1,0,bd3476ef-ff8a-437c-882c-4e40747aaee7,2026-03-02 06:28:18.146111
2025-01-02,20250102,2025,1,1,January,2,5,Thu,1,0,bd3476ef-ff8a-437c-882c-4e40747aaee7,2026-03-02 06:28:18.146111
2025-01-03,20250103,2025,1,1,January,3,6,Fri,1,0,bd3476ef-ff8a-437c-882c-4e40747aaee7,2026-03-02 06:28:18.146111
2025-01-04,20250104,2025,1,1,January,4,7,Sat,1,1,bd3476ef-ff8a-437c-882c-4e40747aaee7,2026-03-02 06:28:18.146111
2025-01-05,20250105,2025,1,1,January,5,1,Sun,1,1,bd3476ef-ff8a-437c-882c-4e40747aaee7,2026-03-02 06:28:18.146111
2025-01-06,20250106,2025,1,1,January,6,2,Mon,2,0,bd3476ef-ff8a-437c-882c-4e40747aaee7,2026-03-02 06:28:18.146111
2025-01-07,20250107,2025,1,1,January,7,3,Tue,2,0,bd3476ef-ff8a-437c-882c-4e40747aaee7,2026-03-02 06:28:18.146111
2025-01-08,20250108,2025,1,1,January,8,4,Wed,2,0,bd3476ef-ff8a-437c-882c-4e40747aaee7,2026-03-02 06:28:18.146111
2025-01-09,20250109,2025,1,1,January,9,5,Thu,2,0,bd3476ef-ff8a-437c-882c-4e40747aaee7,2026-03-02 06:28:18.146111
2025-01-10,20250110,2025,1,1,January,10,6,Fri,2,0,bd3476ef-ff8a-437c-882c-4e40747aaee7,2026-03-02 06:28:18.146111
2025-01-11,20250111,2025,1,1,January,11,7,Sat,2,1,bd3476ef-ff8a-437c-882c-4e40747aaee7,2026-03-02 06:28:18.146111
2025-01-12,20250112,2025,1,1,January,12,1,Sun,2,1,bd3476ef-ff8a-437c-882c-4e40747aaee7,2026-03-02 06:28:18.146111
2025-01-13,20250113,2025,1,1,January,13,2,Mon,3,0,bd3476ef-ff8a-437c-882c-4e40747aaee7,2026-03-02 06:28:18.146111
2025-01-14,20250114,2025,1,1,January,14,3,Tue,3,0,bd3476ef-ff8a-437c-882c-4e40747aaee7,2026-03-02 06:28:18.146111
2025-01-15,20250115,2025,1,1,January,15,4,Wed,3,0,bd3476ef-ff8a-437c-882c-4e40747aaee7,2026-03-02 06:28:18.146111
2025-01-16,20250116,2025,1,1,January,16,5,Thu,3,0,bd3476ef-ff8a-437c-882c-4e40747aaee7,2026-03-02 06:28:18.146111
2025-01-17,20250117,2025,1,1,January,17,6,Fri,3,0,bd3476ef-ff8a-437c-882c-4e40747aaee7,2026-03-02 06:28:18.146111
2025-01-18,20250118,2025,1,1,January,18,7,Sat,3,1,bd3476ef-ff8a-437c-882c-4e40747aaee7,2026-03-02 06:28:18.146111
2025-01-19,20250119,2025,1,1,January,19,1,Sun,3,1,bd3476ef-ff8a-437c-882c-4e40747aaee7,2026-03-02 06:28:18.146111
2025-01-20,20250120,2025,1,1,January,20,2,Mon,4,0,bd3476ef-ff8a-437c-882c-4e40747aaee7,2026-03-02 06:28:18.146111
2025-01-21,20250121,2025,1,1,January,21,3,Tue,4,0,bd3476ef-ff8a-437c-882c-4e40747aaee7,2026-03-02 06:28:18.146111
2025-01-22,20250122,2025,1,1,January,22,4,Wed,4,0,bd3476ef-ff8a-437c-882c-4e40747aaee7,2026-03-02 06:28:18.146111
2025-01-23,20250123,2025,1,1,January,23,5,Thu,4,0,bd3476ef-ff8a-437c-882c-4e40747aaee7,2026-03-02 06:28:18.146111
2025-01-24,20250124,2025,1,1,January,24,6,Fri,4,0,bd3476ef-ff8a-437c-882c-4e40747aaee7,2026-03-02 06:28:18.146111
2025-01-25,20250125,2025,1,1,January,25,7,Sat,4,1,bd3476ef-ff8a-437c-882c-4e40747aaee7,2026-03-02 06:28:18.146111
2025-01-26,20250126,2025,1,1,January,26,1,Sun,4,1,bd3476ef-ff8a-437c-882c-4e40747aaee7,2026-03-02 06:28:18.146111
2025-01-27,20250127,2025,1,1,January,27,2,Mon,5,0,bd3476ef-ff8a-437c-882c-4e40747aaee7,2026-03-02 06:28:18.146111
2025-01-28,20250128,2025,1,1,January,28,3,Tue,5,0,bd3476ef-ff8a-437c-882c-4e40747aaee7,2026-03-02 06:28:18.146111
2025-01-29,20250129,2025,1,1,January,29,4,Wed,5,0,bd3476ef-ff8a-437c-882c-4e40747aaee7,2026-03-02 06:28:18.146111
2025-01-30,20250130,2025,1,1,January,30,5,Thu,5,0,bd3476ef-ff8a-437c-882c-4e40747aaee7,2026-03-02 06:28:18.146111
2025-01-31,20250131,2025,1,1,January,31,6,Fri,5,0,bd3476ef-ff8a-437c-882c-4e40747aaee7,2026-03-02 06:28:18.146111
2025-02-01,20250201,2025,1,2,February,1,7,Sat,5,1,bd3476ef-ff8a-437c-882c-4e40747aaee7,2026-03-02 06:28:18.146111
2025-02-02,20250202,2025,1,2,February,2,1,Sun,5,1,bd3476ef-ff8a-437c-882c-4e40747aaee7,2026-03-02 06:28:18.146111
2025-02-03,20250203,2025,1,2,February,3,2,Mon,6,0,bd3476ef-ff8a-437c-882c-4e40747aaee7,2026-03-02 06:28:18.146111
2025-02-04,20250204,2025,1,2,February,4,3,Tue,6,0,bd3476ef-ff8a-437c-882c-4e40747aaee7,2026-03-02 06:28:18.146111
2025-02-05,20250205,2025,1,2,February,5,4,Wed,6,0,bd3476ef-ff8a-437c-882c-4e40747aaee7,2026-03-02 06:28:18.146111
2025-02-06,20250206,2025,1,2,February,6,5,Thu,6,0,bd3476ef-ff8a-437c-882c-4e40747aaee7,2026-03-02 06:28:18.146111
2025-02-07,20250207,2025,1,2,February,7,6,Fri,6,0,bd3476ef-ff8a-437c-882c-4e40747aaee7,2026-03-02 06:28:18.146111
2025-02-08,20250208,2025,1,2,February,8,7,Sat,6,1,bd3476ef-ff8a-437c-882c-4e40747aaee7,2026-03-02 06:28:18.146111
2025-02-09,20250209,2025,1,2,February,9,1,Sun,6,1,bd3476ef-ff8a-437c-882c-4e40747aaee7,2026-03-02 06:28:18.146111
2025-02-10,20250210,2025,1,2,February,10,2,Mon,7,0,bd3476ef-ff8a-437c-882c-4e40747aaee7,2026-03-02 06:28:18.146111
2025-02-11,20250211,2025,1,2,February,11,3,Tue,7,0,bd3476ef-ff8a-437c-882c-4e40747aaee7,2026-03-02 06:28:18.146111
2025-02-12,20250212,2025,1,2,February,12,4,Wed,7,0,bd3476ef-ff8a-437c-882c-4e40747aaee7,2026-03-02 06:28:18.146111
2025-02-13,20250213,2025,1,2,February,13,5,Thu,7,0,bd3476ef-ff8a-437c-882c-4e40747aaee7,2026-03-02 06:28:18.146111
2025-02-14,20250214,2025,1,2,February,14,6,Fri,7,0,bd3476ef-ff8a-437c-882c-4e40747aaee7,2026-03-02 06:28:18.146111
2025-02-15,20250215,2025,1,2,February,15,7,Sat,7,1,bd3476ef-ff8a-437c-882c-4e40747aaee7,2026-03-02 06:28:18.146111
2025-02-16,20250216,2025,1,2,February,16,1,Sun,7,1,bd3476ef-ff8a-437c-882c-4e40747aaee7,2026-03-02 06:28:18.146111
2025-02-17,20250217,2025,1,2,February,17,2,Mon,8,0,bd3476ef-ff8a-437c-882c-4e40747aaee7,2026-03-02 06:28:18.146111
2025-02-18,20250218,2025,1,2,February,18,3,Tue,8,0,bd3476ef-ff8a-437c-882c-4e40747aaee7,2026-03-02 06:28:18.146111
2025-02-19,20250219,2025,1,2,February,19,4,Wed,8,0,bd3476ef-ff8a-437c-882c-4e40747aaee7,2026-03-02 06:28:18.146111
2025-02-20,20250220,2025,1,2,February,20,5,Thu,8,0,bd3476ef-ff8a-437c-882c-4e40747aaee7,2026-03-02 06:28:18.146111
2025-02-21,20250221,2025,1,2,February,21,6,Fri,8,0,bd3476ef-ff8a-437c-882c-4e40747aaee7,2026-03-02 06:28:18.146111
2025-02-22,20250222,2025,1,2,February,22,7,Sat,8,1,bd3476ef-ff8a-437c-882c-4e40747aaee7,2026-03-02 06:28:18.146111
2025-02-23,20250223,2025,1,2,February,23,1,Sun,8,1,bd3476ef-ff8a-437c-882c-4e40747aaee7,2026-03-02 06:28:18.146111
2025-02-24,20250224,2025,1,2,February,24,2,Mon,9,0,bd3476ef-ff8a-437c-882c-4e40747aaee7,2026-03-02 06:28:18.146111
2025-02-25,20250225,2025,1,2,February,25,3,Tue,9,0,bd3476ef-ff8a-437c-882c-4e40747aaee7,2026-03-02 06:28:18.146111
2025-02-26,20250226,2025,1,2,February,26,4,Wed,9,0,bd3476ef-ff8a-437c-882c-4e40747aaee7,2026-03-02 06:28:18.146111
2025-02-27,20250227,2025,1,2,February,27,5,Thu,9,0,bd3476ef-ff8a-437c-882c-4e40747aaee7,2026-03-02 06:28:18.146111
2025-02-28,20250228,2025,1,2,February,28,6,Fri,9,0,bd3476ef-ff8a-437c-882c-4e40747aaee7,2026-03-02 06:28:18.146111
2025-03-01,20250301,2025,1,3,March,1,7,Sat,9,1,bd3476ef-ff8a-437c-882c-4e40747aaee7,2026-03-02 06:28:18.146111
2025-03-02,20250302,2025,1,3,March,2,1,Sun,9,1,bd3476ef-ff8a-437c-882c-4e40747aaee7,2026-03-02 06:28:18.146111
2025-03-03,20250303,2025,1,3,March,3,2,Mon,10,0,bd3476ef-ff8a-437c-882c-4e40747aaee7,2026-03-02 06:28:18.146111
2025-03-04,20250304,2025,1,3,March,4,3,Tue,10,0,bd3476ef-ff8a-437c-882c-4e40747aaee7,2026-03-02 06:28:18.146111
2025-03-05,20250305,2025,1,3,March,5,4,Wed,10,0,bd3476ef-ff8a-437c-882c-4e40747aaee7,2026-03-02 06:28:18.146111
2025-03-06,20250306,2025,1,3,March,6,5,Thu,10,0,bd3476ef-ff8a-437c-882c-4e40747aaee7,2026-03-02 06:28:18.146111
2025-03-07,20250307,2025,1,3,March,7,6,Fri,10,0,bd3476ef-ff8a-437c-882c-4e40747aaee7,2026-03-02 06:28:18.146111
2025-03-08,20250308,2025,1,3,March,8,7,Sat,10,1,bd3476ef-ff8a-437c-882c-4e40747aaee7,2026-03-02 06:28:18.146111
2025-03-09,20250309,2025,1,3,March,9,1,Sun,10,1,bd3476ef-ff8a-437c-882c-4e40747aaee7,2026-03-02 06:28:18.146111
2025-03-10,20250310,2025,1,3,March,10,2,Mon,11,0,bd3476ef-ff8a-437c-882c-4e40747aaee7,2026-03-02 06:28:18.146111
2025-03-11,20250311,2025,1,3,March,11,3,Tue,11,0,bd3476ef-ff8a-437c-882c-4e40747aaee7,2026-03-02 06:28:18.146111
2025-03-12,20250312,2025,1,3,March,12,4,Wed,11,0,bd3476ef-ff8a-437c-882c-4e40747aaee7,2026-03-02 06:28:18.146111
2025-03-13,20250313,2025,1,3,March,13,5,Thu,11,0,bd3476ef-ff8a-437c-882c-4e40747aaee7,2026-03-02 06:28:18.146111
2025-03-14,20250314,2025,1,3,March,14,6,Fri,11,0,bd3476ef-ff8a-437c-882c-4e40747aaee7,2026-03-02 06:28:18.146111
2025-03-15,20250315,2025,1,3,March,15,7,Sat,11,1,bd3476ef-ff8a-437c-882c-4e40747aaee7,2026-03-02 06:28:18.146111
2025-03-16,20250316,2025,1,3,March,16,1,Sun,11,1,bd3476ef-ff8a-437c-882c-4e40747aaee7,2026-03-02 06:28:18.146111
2025-03-17,20250317,2025,1,3,March,17,2,Mon,12,0,bd3476ef-ff8a-437c-882c-4e40747aaee7,2026-03-02 06:28:18.146111
2025-03-18,20250318,2025,1,3,March,18,3,Tue,12,0,bd3476ef-ff8a-437c-882c-4e40747aaee7,2026-03-02 06:28:18.146111
2025-03-19,20250319,2025,1,3,March,19,4,Wed,12,0,bd3476ef-ff8a-437c-882c-4e40747aaee7,2026-03-02 06:28:18.146111
2025-03-20,20250320,2025,1,3,March,20,5,Thu,12,0,bd3476ef-ff8a-437c-882c-4e40747aaee7,2026-03-02 06:28:18.146111
2025-03-21,20250321,2025,1,3,March,21,6,Fri,12,0,bd3476ef-ff8a-437c-882c-4e40747aaee7,2026-03-02 06:28:18.146111
2025-03-22,20250322,2025,1,3,March,22,7,Sat,12,1,bd3476ef-ff8a-437c-882c-4e40747aaee7,2026-03-02 06:28:18.146111
2025-03-23,20250323,2025,1,3,March,23,1,Sun,12,1,bd3476ef-ff8a-437c-882c-4e40747aaee7,2026-03-02 06:28:18.146111
2025-03-24,20250324,2025,1,3,March,24,2,Mon,13,0,bd3476ef-ff8a-437c-882c-4e40747aaee7,2026-03-02 06:28:18.146111
2025-03-25,20250325,2025,1,3,March,25,3,Tue,13,0,bd3476ef-ff8a-437c-882c-4e40747aaee7,2026-03-02 06:28:18.146111
2025-03-26,20250326,2025,1,3,March,26,4,Wed,13,0,bd3476ef-ff8a-437c-882c-4e40747aaee7,2026-03-02 06:28:18.146111
2025-03-27,20250327,2025,1,3,March,27,5,Thu,13,0,bd3476ef-ff8a-437c-882c-4e40747aaee7,2026-03-02 06:28:18.146111
2025-03-28,20250328,2025,1,3,March,28,6,Fri,13,0,bd3476ef-ff8a-437c-882c-4e40747aaee7,2026-03-02 06:28:18.146111
2025-03-29,20250329,2025,1,3,March,29,7,Sat,13,1,bd3476ef-ff8a-437c-882c-4e40747aaee7,2026-03-02 06:28:18.146111
2025-03-30,20250330,2025,1,3,March,30,1,Sun,13,1,bd3476ef-ff8a-437c-882c-4e40747aaee7,2026-03-02 06:28:18.146111
2025-03-31,20250331,2025,1,3,March,31,2,Mon,14,0,bd3476ef-ff8a-437c-882c-4e40747aaee7,2026-03-02 06:28:18.146111
2025-04-01,20250401,2025,2,4,April,1,3,Tue,14,0,bd3476ef-ff8a-437c-882c-4e40747aaee7,2026-03-02 06:28:18.146111
2025-04-02,20250402,2025,2,4,April,2,4,Wed,14,0,bd3476ef-ff8a-437c-882c-4e40747aaee7,2026-03-02 06:28:18.146111
2025-04-03,20250403,2025,2,4,April,3,5,Thu,14,0,bd3476ef-ff8a-437c-882c-4e40747aaee7,2026-03-02 06:28:18.146111
2025-04-04,20250404,2025,2,4,April,4,6,Fri,14,0,bd3476ef-ff8a-437c-882c-4e40747aaee7,2026-03-02 06:28:18.146111
2025-04-05,20250405,2025,2,4,April,5,7,Sat,14,1,bd3476ef-ff8a-437c-882c-4e40747aaee7,2026-03-02 06:28:18.146111
2025-04-06,20250406,2025,2,4,April,6,1,Sun,14,1,bd3476ef-ff8a-437c-882c-4e40747aaee7,2026-03-02 06:28:18.146111
2025-04-07,20250407,2025,2,4,April,7,2,Mon,15,0,bd3476ef-ff8a-437c-882c-4e40747aaee7,2026-03-02 06:28:18.146111
2025-04-08,20250408,2025,2,4,April,8,3,Tue,15,0,bd3476ef-ff8a-437c-882c-4e40747aaee7,2026-03-02 06:28:18.146111
2025-04-09,20250409,2025,2,4,April,9,4,Wed,15,0,bd3476ef-ff8a-437c-882c-4e40747aaee7,2026-03-02 06:28:18.146111
2025-04-10,20250410,2025,2,4,April,10,5,Thu,15,0,bd3476ef-ff8a-437c-882c-4e40747aaee7,2026-03-02 06:28:18.146111
2025-04-11,20250411,2025,2,4,April,11,6,Fri,15,0,bd3476ef-ff8a-437c-882c-4e40747aaee7,2026-03-02 06:28:18.146111
2025-04-12,20250412,2025,2,4,April,12,7,Sat,15,1,bd3476ef-ff8a-437c-882c-4e40747aaee7,2026-03-02 06:28:18.146111
2025-04-13,20250413,2025,2,4,April,13,1,Sun,15,1,bd3476ef-ff8a-437c-882c-4e40747aaee7,2026-03-02 06:28:18.146111
2025-04-14,20250414,2025,2,4,April,14,2,Mon,16,0,bd3476ef-ff8a-437c-882c-4e40747aaee7,2026-03-02 06:28:18.146111
2025-04-15,20250415,2025,2,4,April,15,3,Tue,16,0,bd3476ef-ff8a-437c-882c-4e40747aaee7,2026-03-02 06:28:18.146111
2025-04-16,20250416,2025,2,4,April,16,4,Wed,16,0,bd3476ef-ff8a-437c-882c-4e40747aaee7,2026-03-02 06:28:18.146111
2025-04-17,20250417,2025,2,4,April,17,5,Thu,16,0,bd3476ef-ff8a-437c-882c-4e40747aaee7,2026-03-02 06:28:18.146111
2025-04-18,20250418,2025,2,4,April,18,6,Fri,16,0,bd3476ef-ff8a-437c-882c-4e40747aaee7,2026-03-02 06:28:18.146111
2025-04-19,20250419,2025,2,4,April,19,7,Sat,16,1,bd3476ef-ff8a-437c-882c-4e40747aaee7,2026-03-02 06:28:18.146111
2025-04-20,20250420,2025,2,4,April,20,1,Sun,16,1,bd3476ef-ff8a-437c-882c-4e40747aaee7,2026-03-02 06:28:18.146111
2025-04-21,20250421,2025,2,4,April,21,2,Mon,17,0,bd3476ef-ff8a-437c-882c-4e40747aaee7,2026-03-02 06:28:18.146111
2025-04-22,20250422,2025,2,4,April,22,3,Tue,17,0,bd3476ef-ff8a-437c-882c-4e40747aaee7,2026-03-02 06:28:18.146111
2025-04-23,20250423,2025,2,4,April,23,4,Wed,17,0,bd3476ef-ff8a-437c-882c-4e40747aaee7,2026-03-02 06:28:18.146111
2025-04-24,20250424,2025,2,4,April,24,5,Thu,17,0,bd3476ef-ff8a-437c-882c-4e40747aaee7,2026-03-02 06:28:18.146111
2025-04-25,20250425,2025,2,4,April,25,6,Fri,17,0,bd3476ef-ff8a-437c-882c-4e40747aaee7,2026-03-02 06:28:18.146111
2025-04-26,20250426,2025,2,4,April,26,7,Sat,17,1,bd3476ef-ff8a-437c-882c-4e40747aaee7,2026-03-02 06:28:18.146111
2025-04-27,20250427,2025,2,4,April,27,1,Sun,17,1,bd3476ef-ff8a-437c-882c-4e40747aaee7,2026-03-02 06:28:18.146111
2025-04-28,20250428,2025,2,4,April,28,2,Mon,18,0,bd3476ef-ff8a-437c-882c-4e40747aaee7,2026-03-02 06:28:18.146111
2025-04-29,20250429,2025,2,4,April,29,3,Tue,18,0,bd3476ef-ff8a-437c-882c-4e40747aaee7,2026-03-02 06:28:18.146111
2025-04-30,20250430,2025,2,4,April,30,4,Wed,18,0,bd3476ef-ff8a-437c-882c-4e40747aaee7,2026-03-02 06:28:18.146111
2025-05-01,20250501,2025,2,5,May,1,5,Thu,18,0,bd3476ef-ff8a-437c-882c-4e40747aaee7,2026-03-02 06:28:18.146111
2025-05-02,20250502,2025,2,5,May,2,6,Fri,18,0,bd3476ef-ff8a-437c-882c-4e40747aaee7,2026-03-02 06:28:18.146111
2025-05-03,20250503,2025,2,5,May,3,7,Sat,18,1,bd3476ef-ff8a-437c-882c-4e40747aaee7,2026-03-02 06:28:18.146111
2025-05-04,20250504,2025,2,5,May,4,1,Sun,18,1,bd3476ef-ff8a-437c-882c-4e40747aaee7,2026-03-02 06:28:18.146111
2025-05-05,20250505,2025,2,5,May,5,2,Mon,19,0,bd3476ef-ff8a-437c-882c-4e40747aaee7,2026-03-02 06:28:18.146111
2025-05-06,20250506,2025,2,5,May,6,3,Tue,19,0,bd3476ef-ff8a-437c-882c-4e40747aaee7,2026-03-02 06:28:18.146111
2025-05-07,20250507,2025,2,5,May,7,4,Wed,19,0,bd3476ef-ff8a-437c-882c-4e40747aaee7,2026-03-02 06:28:18.146111
2025-05-08,20250508,2025,2,5,May,8,5,Thu,19,0,bd3476ef-ff8a-437c-882c-4e40747aaee7,2026-03-02 06:28:18.146111
2025-05-09,20250509,2025,2,5,May,9,6,Fri,19,0,bd3476ef-ff8a-437c-882c-4e40747aaee7,2026-03-02 06:28:18.146111
2025-05-10,20250510,2025,2,5,May,10,7,Sat,19,1,bd3476ef-ff8a-437c-882c-4e40747aaee7,2026-03-02 06:28:18.146111
2025-05-11,20250511,2025,2,5,May,11,1,Sun,19,1,bd3476ef-ff8a-437c-882c-4e40747aaee7,2026-03-02 06:28:18.146111
2025-05-12,20250512,2025,2,5,May,12,2,Mon,20,0,bd3476ef-ff8a-437c-882c-4e40747aaee7,2026-03-02 06:28:18.146111
2025-05-13,20250513,2025,2,5,May,13,3,Tue,20,0,bd3476ef-ff8a-437c-882c-4e40747aaee7,2026-03-02 06:28:18.146111
2025-05-14,20250514,2025,2,5,May,14,4,Wed,20,0,bd3476ef-ff8a-437c-882c-4e40747aaee7,2026-03-02 06:28:18.146111
2025-05-15,20250515,2025,2,5,May,15,5,Thu,20,0,bd3476ef-ff8a-437c-882c-4e40747aaee7,2026-03-02 06:28:18.146111
2025-05-16,20250516,2025,2,5,May,16,6,Fri,20,0,bd3476ef-ff8a-437c-882c-4e40747aaee7,2026-03-02 06:28:18.146111
2025-05-17,20250517,2025,2,5,May,17,7,Sat,20,1,bd3476ef-ff8a-437c-882c-4e40747aaee7,2026-03-02 06:28:18.146111
2025-05-18,20250518,2025,2,5,May,18,1,Sun,20,1,bd3476ef-ff8a-437c-882c-4e40747aaee7,2026-03-02 06:28:18.146111
2025-05-19,20250519,2025,2,5,May,19,2,Mon,21,0,bd3476ef-ff8a-437c-882c-4e40747aaee7,2026-03-02 06:28:18.146111
2025-05-20,20250520,2025,2,5,May,20,3,Tue,21,0,bd3476ef-ff8a-437c-882c-4e40747aaee7,2026-03-02 06:28:18.146111
2025-05-21,20250521,2025,2,5,May,21,4,Wed,21,0,bd3476ef-ff8a-437c-882c-4e40747aaee7,2026-03-02 06:28:18.146111
2025-05-22,20250522,2025,2,5,May,22,5,Thu,21,0,bd3476ef-ff8a-437c-882c-4e40747aaee7,2026-03-02 06:28:18.146111
2025-05-23,20250523,2025,2,5,May,23,6,Fri,21,0,bd3476ef-ff8a-437c-882c-4e40747aaee7,2026-03-02 06:28:18.146111
2025-05-24,20250524,2025,2,5,May,24,7,Sat,21,1,bd3476ef-ff8a-437c-882c-4e40747aaee7,2026-03-02 06:28:18.146111
2025-05-25,20250525,2025,2,5,May,25,1,Sun,21,1,bd3476ef-ff8a-437c-882c-4e40747aaee7,2026-03-02 06:28:18.146111
2025-05-26,20250526,2025,2,5,May,26,2,Mon,22,0,bd3476ef-ff8a-437c-882c-4e40747aaee7,2026-03-02 06:28:18.146111
2025-05-27,20250527,2025,2,5,May,27,3,Tue,22,0,bd3476ef-ff8a-437c-882c-4e40747aaee7,2026-03-02 06:28:18.146111
2025-05-28,20250528,2025,2,5,May,28,4,Wed,22,0,bd3476ef-ff8a-437c-882c-4e40747aaee7,2026-03-02 06:28:18.146111
2025-05-29,20250529,2025,2,5,May,29,5,Thu,22,0,bd3476ef-ff8a-437c-882c-4e40747aaee7,2026-03-02 06:28:18.146111
2025-05-30,20250530,2025,2,5,May,30,6,Fri,22,0,bd3476ef-ff8a-437c-882c-4e40747aaee7,2026-03-02 06:28:18.146111
2025-05-31,20250531,2025,2,5,May,31,7,Sat,22,1,bd3476ef-ff8a-437c-882c-4e40747aaee7,2026-03-02 06:28:18.146111
2025-06-01,20250601,2025,2,6,June,1,1,Sun,22,1,bd3476ef-ff8a-437c-882c-4e40747aaee7,2026-03-02 06:28:18.146111
2025-06-02,20250602,2025,2,6,June,2,2,Mon,23,0,bd3476ef-ff8a-437c-882c-4e40747aaee7,2026-03-02 06:28:18.146111
2025-06-03,20250603,2025,2,6,June,3,3,Tue,23,0,bd3476ef-ff8a-437c-882c-4e40747aaee7,2026-03-02 06:28:18.146111
2025-06-04,20250604,2025,2,6,June,4,4,Wed,23,0,bd3476ef-ff8a-437c-882c-4e40747aaee7,2026-03-02 06:28:18.146111
2025-06-05,20250605,2025,2,6,June,5,5,Thu,23,0,bd3476ef-ff8a-437c-882c-4e40747aaee7,2026-03-02 06:28:18.146111
2025-06-06,20250606,2025,2,6,June,6,6,Fri,23,0,bd3476ef-ff8a-437c-882c-4e40747aaee7,2026-03-02 06:28:18.146111
2025-06-07,20250607,2025,2,6,June,7,7,Sat,23,1,bd3476ef-ff8a-437c-882c-4e40747aaee7,2026-03-02 06:28:18.146111
2025-06-08,20250608,2025,2,6,June,8,1,Sun,23,1,bd3476ef-ff8a-437c-882c-4e40747aaee7,2026-03-02 06:28:18.146111
2025-06-09,20250609,2025,2,6,June,9,2,Mon,24,0,bd3476ef-ff8a-437c-882c-4e40747aaee7,2026-03-02 06:28:18.146111
2025-06-10,20250610,2025,2,6,June,10,3,Tue,24,0,bd3476ef-ff8a-437c-882c-4e40747aaee7,2026-03-02 06:28:18.146111
2025-06-11,20250611,2025,2,6,June,11,4,Wed,24,0,bd3476ef-ff8a-437c-882c-4e40747aaee7,2026-03-02 06:28:18.146111
2025-06-12,20250612,2025,2,6,June,12,5,Thu,24,0,bd3476ef-ff8a-437c-882c-4e40747aaee7,2026-03-02 06:28:18.146111
2025-06-13,20250613,2025,2,6,June,13,6,Fri,24,0,bd3476ef-ff8a-437c-882c-4e40747aaee7,2026-03-02 06:28:18.146111
2025-06-14,20250614,2025,2,6,June,14,7,Sat,24,1,bd3476ef-ff8a-437c-882c-4e40747aaee7,2026-03-02 06:28:18.146111
2025-06-15,20250615,2025,2,6,June,15,1,Sun,24,1,bd3476ef-ff8a-437c-882c-4e40747aaee7,2026-03-02 06:28:18.146111
2025-06-16,20250616,2025,2,6,June,16,2,Mon,25,0,bd3476ef-ff8a-437c-882c-4e40747aaee7,2026-03-02 06:28:18.146111
2025-06-17,20250617,2025,2,6,June,17,3,Tue,25,0,bd3476ef-ff8a-437c-882c-4e40747aaee7,2026-03-02 06:28:18.146111
2025-06-18,20250618,2025,2,6,June,18,4,Wed,25,0,bd3476ef-ff8a-437c-882c-4e40747aaee7,2026-03-02 06:28:18.146111
2025-06-19,20250619,2025,2,6,June,19,5,Thu,25,0,bd3476ef-ff8a-437c-882c-4e40747aaee7,2026-03-02 06:28:18.146111
2025-06-20,20250620,2025,2,6,June,20,6,Fri,25,0,bd3476ef-ff8a-437c-882c-4e40747aaee7,2026-03-02 06:28:18.146111
2025-06-21,20250621,2025,2,6,June,21,7,Sat,25,1,bd3476ef-ff8a-437c-882c-4e40747aaee7,2026-03-02 06:28:18.146111
2025-06-22,20250622,2025,2,6,June,22,1,Sun,25,1,bd3476ef-ff8a-437c-882c-4e40747aaee7,2026-03-02 06:28:18.146111
2025-06-23,20250623,2025,2,6,June,23,2,Mon,26,0,bd3476ef-ff8a-437c-882c-4e40747aaee7,2026-03-02 06:28:18.146111
2025-06-24,20250624,2025,2,6,June,24,3,Tue,26,0,bd3476ef-ff8a-437c-882c-4e40747aaee7,2026-03-02 06:28:18.146111
2025-06-25,20250625,2025,2,6,June,25,4,Wed,26,0,bd3476ef-ff8a-437c-882c-4e40747aaee7,2026-03-02 06:28:18.146111
2025-06-26,20250626,2025,2,6,June,26,5,Thu,26,0,bd3476ef-ff8a-437c-882c-4e40747aaee7,2026-03-02 06:28:18.146111
2025-06-27,20250627,2025,2,6,June,27,6,Fri,26,0,bd3476ef-ff8a-437c-882c-4e40747aaee7,2026-03-02 06:28:18.146111
2025-06-28,20250628,2025,2,6,June,28,7,Sat,26,1,bd3476ef-ff8a-437c-882c-4e40747aaee7,2026-03-02 06:28:18.146111
2025-06-29,20250629,2025,2,6,June,29,1,Sun,26,1,bd3476ef-ff8a-437c-882c-4e40747aaee7,2026-03-02 06:28:18.146111
2025-06-30,20250630,2025,2,6,June,30,2,Mon,27,0,bd3476ef-ff8a-437c-882c-4e40747aaee7,2026-03-02 06:28:18.146111
2025-07-01,20250701,2025,3,7,July,1,3,Tue,27,0,bd3476ef-ff8a-437c-882c-4e40747aaee7,2026-03-02 06:28:18.146111
2025-07-02,20250702,2025,3,7,July,2,4,Wed,27,0,bd3476ef-ff8a-437c-882c-4e40747aaee7,2026-03-02 06:28:18.146111
2025-07-03,20250703,2025,3,7,July,3,5,Thu,27,0,bd3476ef-ff8a-437c-882c-4e40747aaee7,2026-03-02 06:28:18.146111
2025-07-04,20250704,2025,3,7,July,4,6,Fri,27,0,bd3476ef-ff8a-437c-882c-4e40747aaee7,2026-03-02 06:28:18.146111
2025-07-05,20250705,2025,3,7,July,5,7,Sat,27,1,bd3476ef-ff8a-437c-882c-4e40747aaee7,2026-03-02 06:28:18.146111
2025-07-06,20250706,2025,3,7,July,6,1,Sun,27,1,bd3476ef-ff8a-437c-882c-4e40747aaee7,2026-03-02 06:28:18.146111
2025-07-07,20250707,2025,3,7,July,7,2,Mon,28,0,bd3476ef-ff8a-437c-882c-4e40747aaee7,2026-03-02 06:28:18.146111
2025-07-08,20250708,2025,3,7,July,8,3,Tue,28,0,bd3476ef-ff8a-437c-882c-4e40747aaee7,2026-03-02 06:28:18.146111
2025-07-09,20250709,2025,3,7,July,9,4,Wed,28,0,bd3476ef-ff8a-437c-882c-4e40747aaee7,2026-03-02 06:28:18.146111
2025-07-10,20250710,2025,3,7,July,10,5,Thu,28,0,bd3476ef-ff8a-437c-882c-4e40747aaee7,2026-03-02 06:28:18.146111
2025-07-11,20250711,2025,3,7,July,11,6,Fri,28,0,bd3476ef-ff8a-437c-882c-4e40747aaee7,2026-03-02 06:28:18.146111
2025-07-12,20250712,2025,3,7,July,12,7,Sat,28,1,bd3476ef-ff8a-437c-882c-4e40747aaee7,2026-03-02 06:28:18.146111
2025-07-13,20250713,2025,3,7,July,13,1,Sun,28,1,bd3476ef-ff8a-437c-882c-4e40747aaee7,2026-03-02 06:28:18.146111
2025-07-14,20250714,2025,3,7,July,14,2,Mon,29,0,bd3476ef-ff8a-437c-882c-4e40747aaee7,2026-03-02 06:28:18.146111
2025-07-15,20250715,2025,3,7,July,15,3,Tue,29,0,bd3476ef-ff8a-437c-882c-4e40747aaee7,2026-03-02 06:28:18.146111
2025-07-16,20250716,2025,3,7,July,16,4,Wed,29,0,bd3476ef-ff8a-437c-882c-4e40747aaee7,2026-03-02 06:28:18.146111
2025-07-17,20250717,2025,3,7,July,17,5,Thu,29,0,bd3476ef-ff8a-437c-882c-4e40747aaee7,2026-03-02 06:28:18.146111
2025-07-18,20250718,2025,3,7,July,18,6,Fri,29,0,bd3476ef-ff8a-437c-882c-4e40747aaee7,2026-03-02 06:28:18.146111
2025-07-19,20250719,2025,3,7,July,19,7,Sat,29,1,bd3476ef-ff8a-437c-882c-4e40747aaee7,2026-03-02 06:28:18.146111
2025-07-20,20250720,2025,3,7,July,20,1,Sun,29,1,bd3476ef-ff8a-437c-882c-4e40747aaee7,2026-03-02 06:28:18.146111
2025-07-21,20250721,2025,3,7,July,21,2,Mon,30,0,bd3476ef-ff8a-437c-882c-4e40747aaee7,2026-03-02 06:28:18.146111
2025-07-22,20250722,2025,3,7,July,22,3,Tue,30,0,bd3476ef-ff8a-437c-882c-4e40747aaee7,2026-03-02 06:28:18.146111
2025-07-23,20250723,2025,3,7,July,23,4,Wed,30,0,bd3476ef-ff8a-437c-882c-4e40747aaee7,2026-03-02 06:28:18.146111
2025-07-24,20250724,2025,3,7,July,24,5,Thu,30,0,bd3476ef-ff8a-437c-882c-4e40747aaee7,2026-03-02 06:28:18.146111
2025-07-25,20250725,2025,3,7,July,25,6,Fri,30,0,bd3476ef-ff8a-437c-882c-4e40747aaee7,2026-03-02 06:28:18.146111
2025-07-26,20250726,2025,3,7,July,26,7,Sat,30,1,bd3476ef-ff8a-437c-882c-4e40747aaee7,2026-03-02 06:28:18.146111
2025-07-27,20250727,2025,3,7,July,27,1,Sun,30,1,bd3476ef-ff8a-437c-882c-4e40747aaee7,2026-03-02 06:28:18.146111
2025-07-28,20250728,2025,3,7,July,28,2,Mon,31,0,bd3476ef-ff8a-437c-882c-4e40747aaee7,2026-03-02 06:28:18.146111
2025-07-29,20250729,2025,3,7,July,29,3,Tue,31,0,bd3476ef-ff8a-437c-882c-4e40747aaee7,2026-03-02 06:28:18.146111
2025-07-30,20250730,2025,3,7,July,30,4,Wed,31,0,bd3476ef-ff8a-437c-882c-4e40747aaee7,2026-03-02 06:28:18.146111
2025-07-31,20250731,2025,3,7,July,31,5,Thu,31,0,bd3476ef-ff8a-437c-882c-4e40747aaee7,2026-03-02 06:28:18.146111
2025-08-01,20250801,2025,3,8,August,1,6,Fri,31,0,bd3476ef-ff8a-437c-882c-4e40747aaee7,2026-03-02 06:28:18.146111
2025-08-02,20250802,2025,3,8,August,2,7,Sat,31,1,bd3476ef-ff8a-437c-882c-4e40747aaee7,2026-03-02 06:28:18.146111
2025-08-03,20250803,2025,3,8,August,3,1,Sun,31,1,bd3476ef-ff8a-437c-882c-4e40747aaee7,2026-03-02 06:28:18.146111
2025-08-04,20250804,2025,3,8,August,4,2,Mon,32,0,bd3476ef-ff8a-437c-882c-4e40747aaee7,2026-03-02 06:28:18.146111
2025-08-05,20250805,2025,3,8,August,5,3,Tue,32,0,bd3476ef-ff8a-437c-882c-4e40747aaee7,2026-03-02 06:28:18.146111
2025-08-06,20250806,2025,3,8,August,6,4,Wed,32,0,bd3476ef-ff8a-437c-882c-4e40747aaee7,2026-03-02 06:28:18.146111
2025-08-07,20250807,2025,3,8,August,7,5,Thu,32,0,bd3476ef-ff8a-437c-882c-4e40747aaee7,2026-03-02 06:28:18.146111
2025-08-08,20250808,2025,3,8,August,8,6,Fri,32,0,bd3476ef-ff8a-437c-882c-4e40747aaee7,2026-03-02 06:28:18.146111
2025-08-09,20250809,2025,3,8,August,9,7,Sat,32,1,bd3476ef-ff8a-437c-882c-4e40747aaee7,2026-03-02 06:28:18.146111
2025-08-10,20250810,2025,3,8,August,10,1,Sun,32,1,bd3476ef-ff8a-437c-882c-4e40747aaee7,2026-03-02 06:28:18.146111
2025-08-11,20250811,2025,3,8,August,11,2,Mon,33,0,bd3476ef-ff8a-437c-882c-4e40747aaee7,2026-03-02 06:28:18.146111
2025-08-12,20250812,2025,3,8,August,12,3,Tue,33,0,bd3476ef-ff8a-437c-882c-4e40747aaee7,2026-03-02 06:28:18.146111
2025-08-13,20250813,2025,3,8,August,13,4,Wed,33,0,bd3476ef-ff8a-437c-882c-4e40747aaee7,2026-03-02 06:28:18.146111
2025-08-14,20250814,2025,3,8,August,14,5,Thu,33,0,bd3476ef-ff8a-437c-882c-4e40747aaee7,2026-03-02 06:28:18.146111
2025-08-15,20250815,2025,3,8,August,15,6,Fri,33,0,bd3476ef-ff8a-437c-882c-4e40747aaee7,2026-03-02 06:28:18.146111
2025-08-16,20250816,2025,3,8,August,16,7,Sat,33,1,bd3476ef-ff8a-437c-882c-4e40747aaee7,2026-03-02 06:28:18.146111
2025-08-17,20250817,2025,3,8,August,17,1,Sun,33,1,bd3476ef-ff8a-437c-882c-4e40747aaee7,2026-03-02 06:28:18.146111
2025-08-18,20250818,2025,3,8,August,18,2,Mon,34,0,bd3476ef-ff8a-437c-882c-4e40747aaee7,2026-03-02 06:28:18.146111
2025-08-19,20250819,2025,3,8,August,19,3,Tue,34,0,bd3476ef-ff8a-437c-882c-4e40747aaee7,2026-03-02 06:28:18.146111
2025-08-20,20250820,2025,3,8,August,20,4,Wed,34,0,bd3476ef-ff8a-437c-882c-4e40747aaee7,2026-03-02 06:28:18.146111
2025-08-21,20250821,2025,3,8,August,21,5,Thu,34,0,bd3476ef-ff8a-437c-882c-4e40747aaee7,2026-03-02 06:28:18.146111
2025-08-22,20250822,2025,3,8,August,22,6,Fri,34,0,bd3476ef-ff8a-437c-882c-4e40747aaee7,2026-03-02 06:28:18.146111
2025-08-23,20250823,2025,3,8,August,23,7,Sat,34,1,bd3476ef-ff8a-437c-882c-4e40747aaee7,2026-03-02 06:28:18.146111
2025-08-24,20250824,2025,3,8,August,24,1,Sun,34,1,bd3476ef-ff8a-437c-882c-4e40747aaee7,2026-03-02 06:28:18.146111
2025-08-25,20250825,2025,3,8,August,25,2,Mon,35,0,bd3476ef-ff8a-437c-882c-4e40747aaee7,2026-03-02 06:28:18.146111
2025-08-26,20250826,2025,3,8,August,26,3,Tue,35,0,bd3476ef-ff8a-437c-882c-4e40747aaee7,2026-03-02 06:28:18.146111
2025-08-27,20250827,2025,3,8,August,27,4,Wed,35,0,bd3476ef-ff8a-437c-882c-4e40747aaee7,2026-03-02 06:28:18.146111
2025-08-28,20250828,2025,3,8,August,28,5,Thu,35,0,bd3476ef-ff8a-437c-882c-4e40747aaee7,2026-03-02 06:28:18.146111
2025-08-29,20250829,2025,3,8,August,29,6,Fri,35,0,bd3476ef-ff8a-437c-882c-4e40747aaee7,2026-03-02 06:28:18.146111
2025-08-30,20250830,2025,3,8,August,30,7,Sat,35,1,bd3476ef-ff8a-437c-882c-4e40747aaee7,2026-03-02 06:28:18.146111
2025-08-31,20250831,2025,3,8,August,31,1,Sun,35,1,bd3476ef-ff8a-437c-882c-4e40747aaee7,2026-03-02 06:28:18.146111
2025-09-01,20250901,2025,3,9,September,1,2,Mon,36,0,bd3476ef-ff8a-437c-882c-4e40747aaee7,2026-03-02 06:28:18.146111
2025-09-02,20250902,2025,3,9,September,2,3,Tue,36,0,bd3476ef-ff8a-437c-882c-4e40747aaee7,2026-03-02 06:28:18.146111
2025-09-03,20250903,2025,3,9,September,3,4,Wed,36,0,bd3476ef-ff8a-437c-882c-4e40747aaee7,2026-03-02 06:28:18.146111
2025-09-04,20250904,2025,3,9,September,4,5,Thu,36,0,bd3476ef-ff8a-437c-882c-4e40747aaee7,2026-03-02 06:28:18.146111
2025-09-05,20250905,2025,3,9,September,5,6,Fri,36,0,bd3476ef-ff8a-437c-882c-4e40747aaee7,2026-03-02 06:28:18.146111
2025-09-06,20250906,2025,3,9,September,6,7,Sat,36,1,bd3476ef-ff8a-437c-882c-4e40747aaee7,2026-03-02 06:28:18.146111
2025-09-07,20250907,2025,3,9,September,7,1,Sun,36,1,bd3476ef-ff8a-437c-882c-4e40747aaee7,2026-03-02 06:28:18.146111
2025-09-08,20250908,2025,3,9,September,8,2,Mon,37,0,bd3476ef-ff8a-437c-882c-4e40747aaee7,2026-03-02 06:28:18.146111
2025-09-09,20250909,2025,3,9,September,9,3,Tue,37,0,bd3476ef-ff8a-437c-882c-4e40747aaee7,2026-03-02 06:28:18.146111
2025-09-10,20250910,2025,3,9,September,10,4,Wed,37,0,bd3476ef-ff8a-437c-882c-4e40747aaee7,2026-03-02 06:28:18.146111
2025-09-11,20250911,2025,3,9,September,11,5,Thu,37,0,bd3476ef-ff8a-437c-882c-4e40747aaee7,2026-03-02 06:28:18.146111
2025-09-12,20250912,2025,3,9,September,12,6,Fri,37,0,bd3476ef-ff8a-437c-882c-4e40747aaee7,2026-03-02 06:28:18.146111
2025-09-13,20250913,2025,3,9,September,13,7,Sat,37,1,bd3476ef-ff8a-437c-882c-4e40747aaee7,2026-03-02 06:28:18.146111
2025-09-14,20250914,2025,3,9,September,14,1,Sun,37,1,bd3476ef-ff8a-437c-882c-4e40747aaee7,2026-03-02 06:28:18.146111
2025-09-15,20250915,2025,3,9,September,15,2,Mon,38,0,bd3476ef-ff8a-437c-882c-4e40747aaee7,2026-03-02 06:28:18.146111
2025-09-16,20250916,2025,3,9,September,16,3,Tue,38,0,bd3476ef-ff8a-437c-882c-4e40747aaee7,2026-03-02 06:28:18.146111
2025-09-17,20250917,2025,3,9,September,17,4,Wed,38,0,bd3476ef-ff8a-437c-882c-4e40747aaee7,2026-03-02 06:28:18.146111
2025-09-18,20250918,2025,3,9,September,18,5,Thu,38,0,bd3476ef-ff8a-437c-882c-4e40747aaee7,2026-03-02 06:28:18.146111
2025-09-19,20250919,2025,3,9,September,19,6,Fri,38,0,bd3476ef-ff8a-437c-882c-4e40747aaee7,2026-03-02 06:28:18.146111
2025-09-20,20250920,2025,3,9,September,20,7,Sat,38,1,bd3476ef-ff8a-437c-882c-4e40747aaee7,2026-03-02 06:28:18.146111
2025-09-21,20250921,2025,3,9,September,21,1,Sun,38,1,bd3476ef-ff8a-437c-882c-4e40747aaee7,2026-03-02 06:28:18.146111
2025-09-22,20250922,2025,3,9,September,22,2,Mon,39,0,bd3476ef-ff8a-437c-882c-4e40747aaee7,2026-03-02 06:28:18.146111
2025-09-23,20250923,2025,3,9,September,23,3,Tue,39,0,bd3476ef-ff8a-437c-882c-4e40747aaee7,2026-03-02 06:28:18.146111
2025-09-24,20250924,2025,3,9,September,24,4,Wed,39,0,bd3476ef-ff8a-437c-882c-4e40747aaee7,2026-03-02 06:28:18.146111
2025-09-25,20250925,2025,3,9,September,25,5,Thu,39,0,bd3476ef-ff8a-437c-882c-4e40747aaee7,2026-03-02 06:28:18.146111
2025-09-26,20250926,2025,3,9,September,26,6,Fri,39,0,bd3476ef-ff8a-437c-882c-4e40747aaee7,2026-03-02 06:28:18.146111
2025-09-27,20250927,2025,3,9,September,27,7,Sat,39,1,bd3476ef-ff8a-437c-882c-4e40747aaee7,2026-03-02 06:28:18.146111
2025-09-28,20250928,2025,3,9,September,28,1,Sun,39,1,bd3476ef-ff8a-437c-882c-4e40747aaee7,2026-03-02 06:28:18.146111
2025-09-29,20250929,2025,3,9,September,29,2,Mon,40,0,bd3476ef-ff8a-437c-882c-4e40747aaee7,2026-03-02 06:28:18.146111
2025-09-30,20250930,2025,3,9,September,30,3,Tue,40,0,bd3476ef-ff8a-437c-882c-4e40747aaee7,2026-03-02 06:28:18.146111
2025-10-01,20251001,2025,4,10,October,1,4,Wed,40,0,bd3476ef-ff8a-437c-882c-4e40747aaee7,2026-03-02 06:28:18.146111
2025-10-02,20251002,2025,4,10,October,2,5,Thu,40,0,bd3476ef-ff8a-437c-882c-4e40747aaee7,2026-03-02 06:28:18.146111
2025-10-03,20251003,2025,4,10,October,3,6,Fri,40,0,bd3476ef-ff8a-437c-882c-4e40747aaee7,2026-03-02 06:28:18.146111
2025-10-04,20251004,2025,4,10,October,4,7,Sat,40,1,bd3476ef-ff8a-437c-882c-4e40747aaee7,2026-03-02 06:28:18.146111
2025-10-05,20251005,2025,4,10,October,5,1,Sun,40,1,bd3476ef-ff8a-437c-882c-4e40747aaee7,2026-03-02 06:28:18.146111
2025-10-06,20251006,2025,4,10,October,6,2,Mon,41,0,bd3476ef-ff8a-437c-882c-4e40747aaee7,2026-03-02 06:28:18.146111
2025-10-07,20251007,2025,4,10,October,7,3,Tue,41,0,bd3476ef-ff8a-437c-882c-4e40747aaee7,2026-03-02 06:28:18.146111
2025-10-08,20251008,2025,4,10,October,8,4,Wed,41,0,bd3476ef-ff8a-437c-882c-4e40747aaee7,2026-03-02 06:28:18.146111
2025-10-09,20251009,2025,4,10,October,9,5,Thu,41,0,bd3476ef-ff8a-437c-882c-4e40747aaee7,2026-03-02 06:28:18.146111
2025-10-10,20251010,2025,4,10,October,10,6,Fri,41,0,bd3476ef-ff8a-437c-882c-4e40747aaee7,2026-03-02 06:28:18.146111
2025-10-11,20251011,2025,4,10,October,11,7,Sat,41,1,bd3476ef-ff8a-437c-882c-4e40747aaee7,2026-03-02 06:28:18.146111
2025-10-12,20251012,2025,4,10,October,12,1,Sun,41,1,bd3476ef-ff8a-437c-882c-4e40747aaee7,2026-03-02 06:28:18.146111
2025-10-13,20251013,2025,4,10,October,13,2,Mon,42,0,bd3476ef-ff8a-437c-882c-4e40747aaee7,2026-03-02 06:28:18.146111
2025-10-14,20251014,2025,4,10,October,14,3,Tue,42,0,bd3476ef-ff8a-437c-882c-4e40747aaee7,2026-03-02 06:28:18.146111
2025-10-15,20251015,2025,4,10,October,15,4,Wed,42,0,bd3476ef-ff8a-437c-882c-4e40747aaee7,2026-03-02 06:28:18.146111
2025-10-16,20251016,2025,4,10,October,16,5,Thu,42,0,bd3476ef-ff8a-437c-882c-4e40747aaee7,2026-03-02 06:28:18.146111
2025-10-17,20251017,2025,4,10,October,17,6,Fri,42,0,bd3476ef-ff8a-437c-882c-4e40747aaee7,2026-03-02 06:28:18.146111
2025-10-18,20251018,2025,4,10,October,18,7,Sat,42,1,bd3476ef-ff8a-437c-882c-4e40747aaee7,2026-03-02 06:28:18.146111
2025-10-19,20251019,2025,4,10,October,19,1,Sun,42,1,bd3476ef-ff8a-437c-882c-4e40747aaee7,2026-03-02 06:28:18.146111
2025-10-20,20251020,2025,4,10,October,20,2,Mon,43,0,bd3476ef-ff8a-437c-882c-4e40747aaee7,2026-03-02 06:28:18.146111
2025-10-21,20251021,2025,4,10,October,21,3,Tue,43,0,bd3476ef-ff8a-437c-882c-4e40747aaee7,2026-03-02 06:28:18.146111
2025-10-22,20251022,2025,4,10,October,22,4,Wed,43,0,bd3476ef-ff8a-437c-882c-4e40747aaee7,2026-03-02 06:28:18.146111
2025-10-23,20251023,2025,4,10,October,23,5,Thu,43,0,bd3476ef-ff8a-437c-882c-4e40747aaee7,2026-03-02 06:28:18.146111
2025-10-24,20251024,2025,4,10,October,24,6,Fri,43,0,bd3476ef-ff8a-437c-882c-4e40747aaee7,2026-03-02 06:28:18.146111
2025-10-25,20251025,2025,4,10,October,25,7,Sat,43,1,bd3476ef-ff8a-437c-882c-4e40747aaee7,2026-03-02 06:28:18.146111
2025-10-26,20251026,2025,4,10,October,26,1,Sun,43,1,bd3476ef-ff8a-437c-882c-4e40747aaee7,2026-03-02 06:28:18.146111
2025-10-27,20251027,2025,4,10,October,27,2,Mon,44,0,bd3476ef-ff8a-437c-882c-4e40747aaee7,2026-03-02 06:28:18.146111
2025-10-28,20251028,2025,4,10,October,28,3,Tue,44,0,bd3476ef-ff8a-437c-882c-4e40747aaee7,2026-03-02 06:28:18.146111
2025-10-29,20251029,2025,4,10,October,29,4,Wed,44,0,bd3476ef-ff8a-437c-882c-4e40747aaee7,2026-03-02 06:28:18.146111
2025-10-30,20251030,2025,4,10,October,30,5,Thu,44,0,bd3476ef-ff8a-437c-882c-4e40747aaee7,2026-03-02 06:28:18.146111
2025-10-31,20251031,2025,4,10,October,31,6,Fri,44,0,bd3476ef-ff8a-437c-882c-4e40747aaee7,2026-03-02 06:28:18.146111
2025-11-01,20251101,2025,4,11,November,1,7,Sat,44,1,bd3476ef-ff8a-437c-882c-4e40747aaee7,2026-03-02 06:28:18.146111
2025-11-02,20251102,2025,4,11,November,2,1,Sun,44,1,bd3476ef-ff8a-437c-882c-4e40747aaee7,2026-03-02 06:28:18.146111
2025-11-03,20251103,2025,4,11,November,3,2,Mon,45,0,bd3476ef-ff8a-437c-882c-4e40747aaee7,2026-03-02 06:28:18.146111
2025-11-04,20251104,2025,4,11,November,4,3,Tue,45,0,bd3476ef-ff8a-437c-882c-4e40747aaee7,2026-03-02 06:28:18.146111
2025-11-05,20251105,2025,4,11,November,5,4,Wed,45,0,bd3476ef-ff8a-437c-882c-4e40747aaee7,2026-03-02 06:28:18.146111
2025-11-06,20251106,2025,4,11,November,6,5,Thu,45,0,bd3476ef-ff8a-437c-882c-4e40747aaee7,2026-03-02 06:28:18.146111
2025-11-07,20251107,2025,4,11,November,7,6,Fri,45,0,bd3476ef-ff8a-437c-882c-4e40747aaee7,2026-03-02 06:28:18.146111
2025-11-08,20251108,2025,4,11,November,8,7,Sat,45,1,bd3476ef-ff8a-437c-882c-4e40747aaee7,2026-03-02 06:28:18.146111
2025-11-09,20251109,2025,4,11,November,9,1,Sun,45,1,bd3476ef-ff8a-437c-882c-4e40747aaee7,2026-03-02 06:28:18.146111
2025-11-10,20251110,2025,4,11,November,10,2,Mon,46,0,bd3476ef-ff8a-437c-882c-4e40747aaee7,2026-03-02 06:28:18.146111
2025-11-11,20251111,2025,4,11,November,11,3,Tue,46,0,bd3476ef-ff8a-437c-882c-4e40747aaee7,2026-03-02 06:28:18.146111
2025-11-12,20251112,2025,4,11,November,12,4,Wed,46,0,bd3476ef-ff8a-437c-882c-4e40747aaee7,2026-03-02 06:28:18.146111
2025-11-13,20251113,2025,4,11,November,13,5,Thu,46,0,bd3476ef-ff8a-437c-882c-4e40747aaee7,2026-03-02 06:28:18.146111
2025-11-14,20251114,2025,4,11,November,14,6,Fri,46,0,bd3476ef-ff8a-437c-882c-4e40747aaee7,2026-03-02 06:28:18.146111
2025-11-15,20251115,2025,4,11,November,15,7,Sat,46,1,bd3476ef-ff8a-437c-882c-4e40747aaee7,2026-03-02 06:28:18.146111
2025-11-16,20251116,2025,4,11,November,16,1,Sun,46,1,bd3476ef-ff8a-437c-882c-4e40747aaee7,2026-03-02 06:28:18.146111
2025-11-17,20251117,2025,4,11,November,17,2,Mon,47,0,bd3476ef-ff8a-437c-882c-4e40747aaee7,2026-03-02 06:28:18.146111
2025-11-18,20251118,2025,4,11,November,18,3,Tue,47,0,bd3476ef-ff8a-437c-882c-4e40747aaee7,2026-03-02 06:28:18.146111
2025-11-19,20251119,2025,4,11,November,19,4,Wed,47,0,bd3476ef-ff8a-437c-882c-4e40747aaee7,2026-03-02 06:28:18.146111
2025-11-20,20251120,2025,4,11,November,20,5,Thu,47,0,bd3476ef-ff8a-437c-882c-4e40747aaee7,2026-03-02 06:28:18.146111
2025-11-21,20251121,2025,4,11,November,21,6,Fri,47,0,bd3476ef-ff8a-437c-882c-4e40747aaee7,2026-03-02 06:28:18.146111
2025-11-22,20251122,2025,4,11,November,22,7,Sat,47,1,bd3476ef-ff8a-437c-882c-4e40747aaee7,2026-03-02 06:28:18.146111
2025-11-23,20251123,2025,4,11,November,23,1,Sun,47,1,bd3476ef-ff8a-437c-882c-4e40747aaee7,2026-03-02 06:28:18.146111
2025-11-24,20251124,2025,4,11,November,24,2,Mon,48,0,bd3476ef-ff8a-437c-882c-4e40747aaee7,2026-03-02 06:28:18.146111
2025-11-25,20251125,2025,4,11,November,25,3,Tue,48,0,bd3476ef-ff8a-437c-882c-4e40747aaee7,2026-03-02 06:28:18.146111
2025-11-26,20251126,2025,4,11,November,26,4,Wed,48,0,bd3476ef-ff8a-437c-882c-4e40747aaee7,2026-03-02 06:28:18.146111
2025-11-27,20251127,2025,4,11,November,27,5,Thu,48,0,bd3476ef-ff8a-437c-882c-4e40747aaee7,2026-03-02 06:28:18.146111
2025-11-28,20251128,2025,4,11,November,28,6,Fri,48,0,bd3476ef-ff8a-437c-882c-4e40747aaee7,2026-03-02 06:28:18.146111
2025-11-29,20251129,2025,4,11,November,29,7,Sat,48,1,bd3476ef-ff8a-437c-882c-4e40747aaee7,2026-03-02 06:28:18.146111
2025-11-30,20251130,2025,4,11,November,30,1,Sun,48,1,bd3476ef-ff8a-437c-882c-4e40747aaee7,2026-03-02 06:28:18.146111
2025-12-01,20251201,2025,4,12,December,1,2,Mon,49,0,bd3476ef-ff8a-437c-882c-4e40747aaee7,2026-03-02 06:28:18.146111
2025-12-02,20251202,2025,4,12,December,2,3,Tue,49,0,bd3476ef-ff8a-437c-882c-4e40747aaee7,2026-03-02 06:28:18.146111
2025-12-03,20251203,2025,4,12,December,3,4,Wed,49,0,bd3476ef-ff8a-437c-882c-4e40747aaee7,2026-03-02 06:28:18.146111
2025-12-04,20251204,2025,4,12,December,4,5,Thu,49,0,bd3476ef-ff8a-437c-882c-4e40747aaee7,2026-03-02 06:28:18.146111
2025-12-05,20251205,2025,4,12,December,5,6,Fri,49,0,bd3476ef-ff8a-437c-882c-4e40747aaee7,2026-03-02 06:28:18.146111
2025-12-06,20251206,2025,4,12,December,6,7,Sat,49,1,bd3476ef-ff8a-437c-882c-4e40747aaee7,2026-03-02 06:28:18.146111
2025-12-07,20251207,2025,4,12,December,7,1,Sun,49,1,bd3476ef-ff8a-437c-882c-4e40747aaee7,2026-03-02 06:28:18.146111
2025-12-08,20251208,2025,4,12,December,8,2,Mon,50,0,bd3476ef-ff8a-437c-882c-4e40747aaee7,2026-03-02 06:28:18.146111
2025-12-09,20251209,2025,4,12,December,9,3,Tue,50,0,bd3476ef-ff8a-437c-882c-4e40747aaee7,2026-03-02 06:28:18.146111
2025-12-10,20251210,2025,4,12,December,10,4,Wed,50,0,bd3476ef-ff8a-437c-882c-4e40747aaee7,2026-03-02 06:28:18.146111
2025-12-11,20251211,2025,4,12,December,11,5,Thu,50,0,bd3476ef-ff8a-437c-882c-4e40747aaee7,2026-03-02 06:28:18.146111
2025-12-12,20251212,2025,4,12,December,12,6,Fri,50,0,bd3476ef-ff8a-437c-882c-4e40747aaee7,2026-03-02 06:28:18.146111
2025-12-13,20251213,2025,4,12,December,13,7,Sat,50,1,bd3476ef-ff8a-437c-882c-4e40747aaee7,2026-03-02 06:28:18.146111
2025-12-14,20251214,2025,4,12,December,14,1,Sun,50,1,bd3476ef-ff8a-437c-882c-4e40747aaee7,2026-03-02 06:28:18.146111
2025-12-15,20251215,2025,4,12,December,15,2,Mon,51,0,bd3476ef-ff8a-437c-882c-4e40747aaee7,2026-03-02 06:28:18.146111
2025-12-16,20251216,2025,4,12,December,16,3,Tue,51,0,bd3476ef-ff8a-437c-882c-4e40747aaee7,2026-03-02 06:28:18.146111
2025-12-17,20251217,2025,4,12,December,17,4,Wed,51,0,bd3476ef-ff8a-437c-882c-4e40747aaee7,2026-03-02 06:28:18.146111
2025-12-18,20251218,2025,4,12,December,18,5,Thu,51,0,bd3476ef-ff8a-437c-882c-4e40747aaee7,2026-03-02 06:28:18.146111
2025-12-19,20251219,2025,4,12,December,19,6,Fri,51,0,bd3476ef-ff8a-437c-882c-4e40747aaee7,2026-03-02 06:28:18.146111
2025-12-20,20251220,2025,4,12,December,20,7,Sat,51,1,bd3476ef-ff8a-437c-882c-4e40747aaee7,2026-03-02 06:28:18.146111
2025-12-21,20251221,2025,4,12,December,21,1,Sun,51,1,bd3476ef-ff8a-437c-882c-4e40747aaee7,2026-03-02 06:28:18.146111
2025-12-22,20251222,2025,4,12,December,22,2,Mon,52,0,bd3476ef-ff8a-437c-882c-4e40747aaee7,2026-03-02 06:28:18.146111
2025-12-23,20251223,2025,4,12,December,23,3,Tue,52,0,bd3476ef-ff8a-437c-882c-4e40747aaee7,2026-03-02 06:28:18.146111
2025-12-24,20251224,2025,4,12,December,24,4,Wed,52,0,bd3476ef-ff8a-437c-882c-4e40747aaee7,2026-03-02 06:28:18.146111
2025-12-25,20251225,2025,4,12,December,25,5,Thu,52,0,bd3476ef-ff8a-437c-882c-4e40747aaee7,2026-03-02 06:28:18.146111
2025-12-26,20251226,2025,4,12,December,26,6,Fri,52,0,bd3476ef-ff8a-437c-882c-4e40747aaee7,2026-03-02 06:28:18.146111
2025-12-27,20251227,2025,4,12,December,27,7,Sat,52,1,bd3476ef-ff8a-437c-882c-4e40747aaee7,2026-03-02 06:28:18.146111
2025-12-28,20251228,2025,4,12,December,28,1,Sun,52,1,bd3476ef-ff8a-437c-882c-4e40747aaee7,2026-03-02 06:28:18.146111
2025-12-29,20251229,2025,4,12,December,29,2,Mon,1,0,bd3476ef-ff8a-437c-882c-4e40747aaee7,2026-03-02 06:28:18.146111
2025-12-30,20251230,2025,4,12,December,30,3,Tue,1,0,bd3476ef-ff8a-437c-882c-4e40747aaee7,2026-03-02 06:28:18.146111
2025-12-31,20251231,2025,4,12,December,31,4,Wed,1,0,bd3476ef-ff8a-437c-882c-4e40747aaee7,2026-03-02 06:28:18.146111
